Correo,Nombre,Apellido,Telefono,Estado,Municipio,RazonSocial,Cargo,OtroCargo,NoEmpleados,SolucionInteres,ServicioInteres,Mensaje,AvisoPrivacidad,Newsletter,CreatedAt,UpdatedAt,Tipo,Region,CorreoComercial,CorreoMkt,utm_source,utm_medium,utm_campaign,utm_content
kajoyo9700@cimario.com,TEST,TEST,5555555555,Baja California,Ensenada,Courtavenue SA,Gerente,,5 a 25,Conectividad Telcel,eSIM,PRUEBA PARA R1 MENOR A 50 EMPLEADOS -> CONECTIVIDAD ->ESIM,True,True,2/5/2026 6:53:43 PM,2/5/2026 6:53:43 PM,COT,R1,ignacio.sanchez@telcel.com,gisela.sosa@demo.reseller.telcel.com,,,,
xikideb744@dnsclick.com,TEST,TEST,5555555555,Baja California Sur,La Paz,Courtavenue SA,Director,,50 a 100,Comunicación Empresarial,Control de Ventas,PRUEBA PARA R1 MAYOR A 50 EMPLEADOS -> COMUNICACIÓN EMPRESARIAL ->CONTROL DE VENTAS,True,True,2/5/2026 6:59:29 PM,2/5/2026 6:59:29 PM,COT,R1,melpadsa@telcel.com,gisela.sosa@demo.reseller.telcel.com,,,,
devegi7469@codgal.com,TEST,TEST,5555555555,Sinaloa,Angostura,Courtavenue SA,Asistente,,5 a 25,Gestión de Fuerza en Campo,Promotoría y Merchandising,PRUEBA PARA R2 MENOR A 50 EMPLEADOS -> GVT ->PROMOTORIA Y MERCHANDAISING,True,True,2/5/2026 7:02:26 PM,2/5/2026 7:02:26 PM,GFC,R2,manuel.zuniga@telcel.com,gisela.sosa@demo.reseller.telcel.com,,,,
vixalog664@codgal.com,TEST,TEST,5555555555,Sonora,Caborca,Courtavenue SA,Otro,OTRO CARGO DE PRUEBA,100 a 500,Gestión de Fuerza en Campo,Control de Sucursales,PRUEBA PARA R2 MAYOR A 50 EMPLEADOS -> GFC -> CONTROL DE SUCURSALES,True,True,2/5/2026 7:05:36 PM,2/5/2026 7:05:36 PM,COT,R2,adrian.huerta@telcel.com,gisela.sosa@demo.reseller.telcel.com,,,,
celeci9428@codgal.com,TEST,TEST,5555555555,Chihuahua,Aldama,Courtavenue SA,Director,,1 a 5,Servicios Cloud,Microsoft 365,PRUEBA PARA R3 MENOR A 50 EMPLEADOS -> SERVICIOS CLOUD -> MICROSOFT 365,True,True,2/5/2026 7:08:05 PM,2/5/2026 7:08:05 PM,SEC,R3,fabian.millan@telcel.com,gisela.sosa@demo.reseller.telcel.com,,,,
digen25667@azeriom.com,TEST,TEST,5555555555,Durango,El Oro,Courtavenue SA,Dueño/Propietario,,500 a 1000,Gestión de Fuerza en Campo,Cobranza,PRUEBA PARA R3 MAYOR A 50 EMPLEADOS -> GFC -> COBRANZA,True,True,2/5/2026 7:10:30 PM,2/5/2026 7:10:30 PM,GFC,R3,marvilce@telcel.com,gisela.sosa@demo.reseller.telcel.com,,,,
nayayik538@dnsclick.com,TEST,TEST,5555555555,Nuevo León,Cadereyta Jiménez,Courtavenue SA,CEO/COO,,1000+,Conectividad Telcel,eSIM,PRUEBA PARA R4 MAYOR A 50 EMPLEADOS -> CONECTIVIDAD -> eSIM,True,True,2/5/2026 7:13:59 PM,2/5/2026 7:13:59 PM,COV,R4,marsanva@telcel.com,gisela.sosa@demo.reseller.telcel.com,,,,
yekis61723@aixind.com,TEST,TEST,5555555555,Jalisco,Acatlán de Juárez,Courtavenue SA,Alcalde/Secretario,,25 a 50,Gestión Vehicular Telcel,Telemetría,PRUEBA PARA R5 MENOR A 50 EMPLEADOS -> GVT-> tELEMETRÍA,True,True,2/5/2026 7:15:57 PM,2/5/2026 7:15:57 PM,GVT,R5,alejandra.munoz@telcel.com,gisela.sosa@demo.reseller.telcel.com,,,,
yogeg96087@helesco.com,TEST,TEST,5555555555,Nayarit,Ixtlán del Río,Courtavenue SA,Jefe,,500 a 1000,Gestión Vehicular Telcel,Cadena de Frío,PRUEBA PARA R5 MAYOR A 50 EMPLEADOS -> GVT-> CADENA DE FRÍO,True,True,2/5/2026 7:17:17 PM,2/5/2026 7:17:17 PM,GVT,R5,luiortpa@telcel.com,gisela.sosa@demo.reseller.telcel.com,,,,
rohel57797@helesco.com,TEST,TEST,5555555555,Aguascalientes,Asientos,Courtavenue SA,Asistente,,5 a 25,Conectividad Telcel,Redes Privadas de Datos,PRUEBA PARA R6 MENOR A 50 EMPLEADOS -> CONECTIVIDAD -> REDES PRIVADAS DE DATOS,True,True,2/5/2026 7:23:51 PM,2/5/2026 7:23:51 PM,COT,R6,luialdve@telcel.com,gisela.sosa@demo.reseller.telcel.com,,,,
noexiste1@noexiste1.com,TEST,TEST,5555555555,Querétaro,Corregidora,Courtavenue SA,Alcalde/Secretario,,500 a 1000,Seguridad,Lookout,PRUEBA PARA R6 MAYOR A 50 EMPLEADOS -> SEGURIDAD -> LOOKOUT,True,True,2/5/2026 7:25:54 PM,2/5/2026 7:25:54 PM,COT,R6,jorge.galvan@telcel.com,gisela.sosa@demo.reseller.telcel.com,,,,
noexiste2@noexiste2.com,TEST,TEST,5555555555,Guerrero,Arcelia,Courtavenue SA,Asistente,,1 a 5,Conectividad Telcel,Conectividad Avanzada M2M,PRUEBA PARA R7 MENOR A 50 EMPLEADOS -> CONECTIVIDAD -> M2M,True,True,2/5/2026 7:28:07 PM,2/5/2026 7:28:07 PM,COT,R7,juan.galicia@telcel.com,gisela.sosa@demo.reseller.telcel.com,,,,
noexiste3@noexiste3.com,TEST,TEST,5555555555,Puebla,Acatlán,Courtavenue SA,Especialista,,1000+,Servicios Cloud,Hosting y Desarrollo Web,PRUEBA PARA R7 MAYOR A 50 EMPLEADOS -> SERVICIOS CLOUD -> HOSTING,True,True,2/5/2026 7:29:25 PM,2/5/2026 7:29:25 PM,SEC,R7,mauricio.apam@telcel.com,gisela.sosa@demo.reseller.telcel.com,,,,
noexiste4@noexiste4.com,TEST,TEST,5555555555,Chiapas,Altamirano,Courtavenue SA,Alcalde/Secretario,,25 a 50,Servicios Cloud,G Suite,PRUEBA PARA R8 MENOR A 50 EMPLEADOS -> SERVICIOS CLOUD-> GOOGLE WORKSPACE,True,True,2/5/2026 7:31:06 PM,2/5/2026 7:31:06 PM,SEC,R8,maria.rodriguez@telcel.com,gisela.sosa@demo.reseller.telcel.com,,,,
noexiste5@noexiste5.com,TEST,TEST,5555555555,Yucatán,Akil,Courtavenue SA,Gerente,,500 a 1000,Servicios Cloud,Claro Drive Negocio,PRUEBA PARA R8 MAYOR A 50 EMPLEADOS -> SERVICIOS CLOUD-> CLARO,True,False,2/5/2026 7:32:15 PM,2/5/2026 7:32:15 PM,SEC,R9,alma.laura@telcel.com,gisela.sosa@demo.reseller.telcel.com,,,,
noexiste6@noexiste6.com,TEST,TEST,5555555555,Ciudad de México,Benito Juárez,Courtavenue SA,CEO/COO,,100 a 500,Comunicación Empresarial,Push to Talk,PRUEBA PARA R9 -> COMUNICACIÓN EMPRESARIAL -> PPT,True,True,2/5/2026 7:33:58 PM,2/5/2026 7:33:58 PM,COE,R9,alma.laura@telcel.com,gisela.sosa@demo.reseller.telcel.com,,,,
noexiste7@noexiste7.com,TEST,TEST,5555555555,Hidalgo,Acaxochitlán,Courtavenue SA,CEO/COO,,50 a 100,Mobile Marketing,Distribución de Aplicaciones,PRUEBA PARA MOBILE MARKETING -> DISTRIBUCION DE APLICACIONES,True,True,2/5/2026 7:52:12 PM,2/5/2026 7:52:12 PM,MOM,R9,antonio.porras@telcelmkt.com,gisela.sosa@demo.reseller.telcel.com,,,,
noexiste8@noexiste8.com,TEST,TEST,5555555555,Nuevo León,Cerralvo,Razón Social,Alcalde/Secretario,,1000+,Business Intelligence,GEODATA,PRUBA PARA BI -> GEODATA,True,True,2/5/2026 7:53:19 PM,2/5/2026 7:53:19 PM,BUI,R4,antonio.porras@telcelmkt.com,gisela.sosa@demo.reseller.telcel.com,,,,
diyile3522@desiys.com,TEST,TEST,5555555555,Yucatán,Kanasín,Courtavenue SA,Gerente,,5 a 25,Conectividad Telcel,eSIM,MENSAJE DE PRUEBA R8 MENOR A 50 EMPLEADOS -> CONECTIVIDAD -> ESIM,True,True,2/9/2026 4:46:08 PM,2/9/2026 4:46:08 PM,COT,R8,maria.rodriguez@telcel.com,gisela.sosa@demo.reseller.telcel.com,,,,
jiretal582@2insp.com,NOMBRE,TEST,5555555555,Baja California,Ensenada,Courtavenue SA,Gerente,,5 a 25,Conectividad Telcel,Redes Privadas de Datos,MENSAJE DE PRUEBA R1 MENOR A 50 EMPLEADOS -> CONECTIVIDAD -> REDES PRIVADAS DE DATOS,True,True,2/9/2026 4:51:45 PM,2/9/2026 4:51:45 PM,COT,R1,ignacio.sanchez@telcel.com,gisela.sosa@demo.reseller.telcel.com,,,,
christian.cuanlao@telcel.com,PRUEBAasd,PRUEBAasdasd,5555555555,Aguascalientes,Aguascalientes,Razón Social,Gerente,,1 a 5,Comunicación Empresarial,Control de Ventas,PRUEBAasdasdasd,True,True,3/4/2026 10:30:47 AM,3/4/2026 10:30:47 AM,COT,R6,luialdve@telcel.com,gisela.sosa@demo.reseller.telcel.com,,,,
christian.cuanalo@telcel.com,Christian,Cuanalo,5510104138,Aguascalientes,Aguascalientes,test.11-03-26,Gerente,,1 a 5,Gestión de Fuerza en Campo,Promotoría y Merchandising,test.11-03-26,True,False,3/5/2026 9:42:44 AM,3/11/2026 12:22:38 PM,GFC,R6,luialdve@telcel.com,gisela.sosa@demo.reseller.telcel.com,,,,
usuario@dominio.com,AAAStttwuueoó,RRRSRyuywwdvqó,5510104138,Quintana Roo,Puerto Morelos,TestDOS,Director,,1000+,Planes Empresariales,Plan Telcel Ultra Empresa,      fffd,True,True,2/20/2026 10:26:53 AM,2/20/2026 10:26:53 AM,PNE,R8,julio.delarosa@telcel.com,gisela.sosa@demo.reseller.telcel.com,,,,
enrique.ramirez@courtavenue.com,TEST,TEST,5555555555,Aguascalientes,Aguascalientes,Courtavenue SA,Gerente,,1 a 5,Conectividad Telcel,eSIM,asdasasasd asd asd asd,True,False,2/20/2026 3:32:21 PM,3/14/2026 6:03:50 PM,COT,R6,luialdve@telcel.com,gisela.sosa@demo.reseller.telcel.com,,,,
christian.cuanalo@telcel.comq,Christian,Cuanalo,5510104138,Aguascalientes,Aguascalientes,test 5:27,Gerente,,1 a 5,Gestión de Fuerza en Campo,Promotoría y Merchandising,test5:27,True,False,2/23/2026 5:27:59 PM,2/23/2026 5:27:59 PM,GFC,R6,luialdve@telcel.com,gisela.sosa@demo.reseller.telcel.com,,,,
rslep7unam@gmail.com,TEST,TEST,9999999999,Aguascalientes,Aguascalientes,TEST,Gerente,,1 a 5,Conectividad Telcel,eSIM,TEST,True,True,2/26/2026 2:21:18 PM,3/7/2026 1:59:15 PM,COT,R6,luialdve@telcel.com,gisela.sosa@demo.reseller.telcel.com,,,,
yaguilar@gmail.com,Yazmin,Aguilar Tellez,5522932231,Estado de México,Almoloya de Juárez,sxccf fg,Gerente,,25 a 50,Gestión de Fuerza en Campo,Control de Sucursales,,True,False,3/4/2026 11:56:50 AM,3/4/2026 11:56:50 AM,GFC,R9,alma.laura@telcel.com,gisela.sosa@demo.reseller.telcel.com,,,,
mario.mercado@telcel.com,Mario,FMH,5555555555,Ciudad de México,Azcapotzalco,yurtyrtuyruyuryutr,Director,,25 a 50,Gestión de Fuerza en Campo,Control de Sucursales,Test,True,False,3/4/2026 3:25:59 PM,3/4/2026 3:25:59 PM,GFC,R9,alma.laura@telcel.com,gisela.sosa@demo.reseller.telcel.com,,,,
marioni.rayo@telcel.com,MArio,Mercado,5510102255,Chiapas,Acala,Telcel,Gerente,,50 a 100,Gestión de Fuerza en Campo,Servicios en Campo,test,True,True,3/4/2026 3:03:15 PM,3/4/2026 3:03:15 PM,GFC,R8,julio.delarosa@telcel.com,gisela.sosa@demo.reseller.telcel.com,,,,
christiancuanalo9@gmail.com,Christian Alejandro,Cuanalo,5510104138,Aguascalientes,Aguascalientes,Prueba 05-03-26 10:21,Gerente,,1 a 5,Gestión de Fuerza en Campo,Promotoría y Merchandising,Prueba 05-03-26 10:21,True,False,3/5/2026 10:21:35 AM,3/5/2026 10:21:35 AM,GFC,R6,luialdve@telcel.com,gisela.sosa@demo.reseller.telcel.com,,,,
victor.santillan@telcel.com,Victor,Santillan,5510101010,Ciudad de México,Miguel Hidalgo,Radiomovil Dipsa,Jefe,,1000+,Gestión de Fuerza en Campo,Promotoría y Merchandising,Esto es unaprueba,True,False,3/9/2026 12:25:48 PM,3/9/2026 12:25:48 PM,GFC,R9,alma.laura@telcel.com,gisela.sosa@demo.reseller.telcel.com,,,,
alan.legorreta@telcel.com,Alan,Legorreta,5510105977,Aguascalientes,Aguascalientes,Alan 11-03-26 12.25,Gerente,,1 a 5,Gestión de Fuerza en Campo,Promotoría y Merchandising,Alan 11-03-26 12.25,True,False,3/11/2026 12:25:38 PM,3/11/2026 12:25:38 PM,GFC,R6,luialdve@telcel.com,gisela.sosa@demo.reseller.telcel.com,,,,
christian.cuanalo@gmail.com,Christian,Cuanalo,5510104138,Aguascalientes,Aguascalientes,test.09-03-26,Gerente,,1 a 5,Gestión de Fuerza en Campo,Promotoría y Merchandising,test,True,False,3/11/2026 12:31:57 PM,3/11/2026 12:31:57 PM,GFC,R6,luialdve@telcel.com,gisela.sosa@demo.reseller.telcel.com,,,,
prueba@telcel.com,Prueba,Prueba,5555555555,Ciudad de México,Benito Juárez,RDI841003QR4,Gerente,,25 a 50,Gestión de Fuerza en Campo,Promotoría y Merchandising,PRUEBA,True,False,3/11/2026 3:32:27 PM,3/11/2026 3:32:27 PM,GFC,R9,alma.laura@telcel.com,gisela.sosa@demo.reseller.telcel.com,,,,
jeje@telcel.com,Jesus,Jesus,4324234234,Baja California Sur,Comondú,RDI840202UYT,Director,,5 a 25,Gestión de Fuerza en Campo,Promotoría y Merchandising,,True,False,3/12/2026 9:42:18 AM,3/12/2026 9:45:16 AM,GFC,R1,ignacio.sanchez@telcel.com,gisela.sosa@demo.reseller.telcel.com,,,,
gabriela.millan@greenheart.com.mx,Gabriela,Millan Soroa,5531366704,Quintana Roo,Othón P. Blanco,GRUPO CHILUAJI,Asistente,,5 a 25,Conectividad Telcel,Conectividad Avanzada M2M,"Hola quiero más información para la contratación de internet,",True,True,3/12/2026 12:06:15 PM,3/12/2026 12:06:19 PM,COV,R8,maria.rodriguez@telcel.com,gisela.sosa@demo.reseller.telcel.com,,,,
jordana.castro@insertec.biz,JORDANA,CASTRO,5581045542,Estado de México,Tultitlán,Insertec Industrial,Asistente,,5 a 25,Business Intelligence,Indicadores móviles,"Hola buenas tardes, deseo tener contacto con un ejecutivo ya que queremos renovar equipos",True,False,3/12/2026 12:35:00 PM,3/12/2026 12:35:00 PM,BUI,R9,antonio.porras@telcelmkt.com,gisela.sosa@demo.reseller.telcel.com,,,,
brinca.mas.slp@gmail.com,Moises,Garcia,4442854881,San Luis Potosí,San Luis Potosí,Elba Lizeth Silva Campos,Gerente,,1 a 5,Gestión de Fuerza en Campo,Servicios en Campo,"Quiero crrar check list para entrega de servicios evitar llevar algo equivocado a las entregas y al momento de recoger tener el registro y no perder nada, también check list para confirmar que las actividades en atención a cliente y limpieza de artículos se realice correctamente",True,False,3/12/2026 1:01:48 PM,3/12/2026 1:01:48 PM,GFC,R6,luialdve@telcel.com,gisela.sosa@demo.reseller.telcel.com,,,,
langel@oneshotmexico.com,Luis Ángel,Ortiz morales,5614708913,Estado de México,Cuautitlán,Oneshot producciones y eventos,Gerente,,5 a 25,Planes Empresariales,Plan Telcel Empresa,,True,True,3/12/2026 3:42:03 PM,3/12/2026 3:42:03 PM,PTE,R9,alma.laura@telcel.com,gisela.sosa@demo.reseller.telcel.com,,,,
achesyno@gmail.com,Jesus,Garcia,5549124336,Chihuahua,Juárez,Cambio de casa,Jefe,,50 a 100,Conectividad Telcel,Redes Privadas de Datos,Quiero cambiar mi número con lada de chihuahua ya tengo el chip,True,False,3/12/2026 3:51:52 PM,3/12/2026 3:51:52 PM,COV,R3,marvilce@telcel.com,gisela.sosa@demo.reseller.telcel.com,,,,
alan.espinoza@movall.mx,Alan,Espinoza Martinez,8123498072,Nuevo León,Monterrey,Compusupply,Director,,5 a 25,Conectividad Telcel,Conectividad Avanzada M2M,X,True,False,3/12/2026 4:05:18 PM,3/12/2026 4:05:18 PM,COT,R4,americo.chapa@telcel.com,gisela.sosa@demo.reseller.telcel.com,,,,
jneri@articuloshigienicos.com,JAVIER,JIMENEZ,5558997980,Estado de México,Cuautitlán Izcalli,ARTICULOS HIGIENICOS,Jefe,,5 a 25,Planes Empresariales,Plan Telcel Empresa,Solicitud de cotización de servicio para 17 lineas,True,False,3/12/2026 4:10:10 PM,3/12/2026 4:10:10 PM,PTE,R9,alma.laura@telcel.com,gisela.sosa@demo.reseller.telcel.com,,,,
fcorniell@intvacationclub.com,FRAN,CORNIELL,9871009921,Quintana Roo,Benito Juárez,INVERSIONES CORAL,Gerente,,5 a 25,Comunicación Empresarial,Control de Ventas,NECESITAMOS UN PLAN EMPRESARIAL PARA AL MENOS 12 COLABORADORES DE LA EMPRESA,True,False,3/12/2026 4:11:01 PM,3/12/2026 4:11:01 PM,COT,R8,maria.rodriguez@telcel.com,gisela.sosa@demo.reseller.telcel.com,,,,
ale.semin@gmail.com,ALE,GOMEZ,2221805578,Puebla,Puebla,RFSCAN15362,Gerente,,5 a 25,Planes Empresariales,Plan Telcel Empresa,me urge que me contacten,True,True,3/12/2026 4:21:11 PM,3/12/2026 4:21:11 PM,PTE,R7,juan.galicia@telcel.com,gisela.sosa@demo.reseller.telcel.com,,,,
jbotellog@hotmail.com,Jesus,Botello,5518500584,Ciudad de México,Coyoacán,Tj28 empr,Director,,1 a 5,Gestión Vehicular Telcel,Modulo de Ruteo,"Deseo que alguien me de información a la brevedad, tengo más de una semana esperando que me den información.
El teléfono que aparece Nunca Nadie contesta!!!

Gracias.",True,False,3/12/2026 4:31:09 PM,3/12/2026 4:31:09 PM,GVT,R9,alma.laura@telcel.com,gisela.sosa@demo.reseller.telcel.com,,,,
directrack.toluca@gmail.com,ORALIA,ARIAS ROMERO,5563481121,Estado de México,Toluca,DIRECTRACK TOLUCA,Gerente,,1 a 5,Comunicación Empresarial,Control de Ventas,Como puedo registrar mis lineas soy una persona fisica con actividad empresarial.?,True,True,3/12/2026 5:06:49 PM,3/12/2026 5:06:49 PM,COT,R9,alma.laura@telcel.com,gisela.sosa@demo.reseller.telcel.com,,,,
hezmxg@gmail.com,Manuel Alejandro,Juárez García,5552186080,Ciudad de México,Iztapalapa,"OBERTEIL, S.A. de C.V.",Dueño/Propietario,,25 a 50,Planes Empresariales,Plan Telcel Empresa,Deseo realizar la portabilidad de 6 líneas,True,True,3/12/2026 5:29:34 PM,3/12/2026 5:29:34 PM,PNE,R9,alma.laura@telcel.com,gisela.sosa@demo.reseller.telcel.com,,,,
majaurezg@oberteil.mx,Manuel Alejandro,Juárez García,5552186080,Ciudad de México,Iztapalapa,"OBERTEIL, S.A. de C.V.",Dueño/Propietario,,25 a 50,Planes Empresariales,Plan Telcel Empresa,Deseo realizar la portabilidad de 6 líneas,True,True,3/12/2026 5:30:26 PM,3/12/2026 5:30:26 PM,PNE,R9,alma.laura@telcel.com,gisela.sosa@demo.reseller.telcel.com,,,,
terciariolobo@gmail.com,Gustavo Antonio,Tello duran,5664013928,Sonora,Hermosillo,Sertap,Gerente,,1 a 5,Conectividad Telcel,Conectividad Avanzada M2M,"Comunicacio.n contante en movimientos internet en 3eqyipos al mis.l tiempo y sin corte de datos 
",True,True,3/12/2026 5:43:38 PM,3/12/2026 5:43:39 PM,COT,R2,manuel.zuniga@telcel.com,gisela.sosa@demo.reseller.telcel.com,,,,
ventas@leviatanagua.com,Ivan,Ceballos,4425709632,Querétaro,Querétaro,Leviatan acualogistica,Otro,Cto,5 a 25,Business Intelligence,GEODATA,Estoy buscando planeas de datos para IoT tipo pool,True,False,3/12/2026 7:10:14 PM,3/12/2026 7:10:14 PM,BUI,R6,antonio.porras@telcelmkt.com,gisela.sosa@demo.reseller.telcel.com,,,,
izetu@izetu.com,Manuel,celis,4445340444,Querétaro,Colón,izetu,Gerente,,5 a 25,Planes Empresariales,Plan Telcel Empresa,"quiero una cuenta empresarial para dar celulares a mis colabores, saludos",True,True,3/12/2026 7:23:07 PM,3/12/2026 7:23:07 PM,PNE,R6,luialdve@telcel.com,gisela.sosa@demo.reseller.telcel.com,,,,
orudnoperaltam@gmail.com,Francisco Ernestor,Navarro Valenzuela,6624487109,Sonora,Hermosillo,Trabajando de guardia,Otro,Guardia de seguridad,1 a 5,Business Intelligence,Autenticación Móvil,Línea,True,True,3/12/2026 8:22:50 PM,3/12/2026 8:22:53 PM,BUI,R2,antonio.porras@telcelmkt.com,gisela.sosa@demo.reseller.telcel.com,,,,
alonsoamalia820@gmail.com,amalia,Alonso,2447855041,Puebla,Atlixco,san pedro Benito Juárez,Gerente,,1 a 5,Conectividad Telcel,Redes Privadas de Datos,hola,True,False,3/12/2026 10:49:39 PM,3/12/2026 10:49:39 PM,COT,R7,juan.galicia@telcel.com,gisela.sosa@demo.reseller.telcel.com,,,,
dur.amayrani@gmail.com,Amayrani,Duran,5951252065,Estado de México,Texcoco,Deseo compartir saldo entre mi número de trabajo y el personal,Dueño/Propietario,,1 a 5,Planes Empresariales,Plan Telcel Ultra Empresa,,True,True,3/13/2026 2:57:20 AM,3/13/2026 2:57:20 AM,PNE,R9,alma.laura@telcel.com,gisela.sosa@demo.reseller.telcel.com,,,,
siton7511@gmail.comcom,Jonathan rafael,González Valdivia,4772834094,Guanajuato,León,Actibar linea,Asistente,,1 a 5,Conectividad Telcel,eSIM,Quiero activar mi línea,True,True,3/13/2026 7:01:24 AM,3/13/2026 7:01:24 AM,COV,R6,luialdve@telcel.com,gisela.sosa@demo.reseller.telcel.com,,,,
administracion@canacopemty.com,Catalina,Domínguez Estrada,8184748646,Nuevo León,Monterrey,"Cámara Nacional de Comercio en Pequeño Servicios y Turismo de Monterrey, N.L.",Otro,Presidenta,5 a 25,Planes Empresariales,Plan Telcel Empresa,"Buen día, necesito 3 equipos.",True,False,3/13/2026 8:25:48 AM,3/13/2026 8:25:48 AM,PNE,R4,americo.chapa@telcel.com,gisela.sosa@demo.reseller.telcel.com,,,,
ventasportal1@gmail.com,dorothy,Estrella,9991869074,Yucatán,Mérida,luis arturo martinez chavez martinez,Asistente,,1 a 5,Business Intelligence,Indicadores móviles,quisiera ver si puedo cambiar un numero de telefono que tengo en un flotilla,True,False,3/13/2026 9:56:50 AM,3/13/2026 9:56:50 AM,BUI,R8,antonio.porras@telcelmkt.com,gisela.sosa@demo.reseller.telcel.com,,,,
finanzas@firmante.com.mx,Leonor,Bracamontes,5564489025,Ciudad de México,Miguel Hidalgo,Asesoría y Protección Inmobiliaria,Asistente,,5 a 25,Business Intelligence,Autenticación Móvil,Quisiera información para la contratación de lineas empresariales.,True,False,3/13/2026 11:10:23 AM,3/17/2026 9:16:58 AM,BUI,R9,antonio.porras@telcelmkt.com,gisela.sosa@demo.reseller.telcel.com,,,,
ctctrasformando@gmail.com,Laura,Delas casas,6142503420,Chihuahua,Ahumada,Conflictos y problemas soluciones,CEO/COO,,5 a 25,Comunicación Empresarial,Control de Ventas,Ayuda con interfón,True,True,3/13/2026 11:49:46 AM,3/13/2026 11:49:48 AM,COT,R3,alberto.sifuentes@telcel.com,gisela.sosa@demo.reseller.telcel.com,,,,
contacto@numobiz.net,Manuel Antonio,Guillén Gómez,9932790918,Tabasco,Nacajuca,NUMOBIZ,Gerente,,1 a 5,Planes Empresariales,Plan Telcel Empresa,"Me interesa contratar 2 líneas Telcel Empresa, iniciando con el paquete de $239 mensuales.",True,False,3/13/2026 12:19:14 PM,3/13/2026 12:19:14 PM,PNE,R8,maria.rodriguez@telcel.com,gisela.sosa@demo.reseller.telcel.com,,,,
finanzas.kbod.mx@gmail.com,MARGARITA,ALDUENDA,5540116738,Ciudad de México,Iztacalco,Manuel Ignacio sepulveda,Contador,,50 a 100,Comunicación Empresarial,Control de Ventas,actualmente se hacen recargas a los celulares ... y necesito que se facturen a nombre de una persona física con actividad empresarial,True,False,3/13/2026 1:53:38 PM,3/13/2026 1:53:40 PM,COT,R9,alma.laura@telcel.com,gisela.sosa@demo.reseller.telcel.com,,,,
gemaruizinmobiliaria@gmail.com,gema,fausto,3314522577,Jalisco,Tonalá,Gema fausto,Gerente,,5 a 25,Planes Empresariales,Plan Telcel Empresa,equipos para colaboradores y para uso de IA,True,False,3/13/2026 2:22:17 PM,3/13/2026 2:22:17 PM,PNE,R5,alejandra.munoz@telcel.com,gisela.sosa@demo.reseller.telcel.com,,,,
admonlaeratb@gmail.com,OLGA,GARCIA,2224442222,Puebla,Puebla,MATERIALES PARA COSNTRUCCIÓN DE LA ERA,Contador,,25 a 50,Planes Empresariales,Plan Telcel Empresa,SOLICITO PLANES PARA 11 LINEAS UNO QUE INCLUYA EQUIPOS Y OTRO CON SÓLO RENTA,True,True,3/13/2026 2:28:51 PM,3/13/2026 2:28:51 PM,PNE,R7,juan.galicia@telcel.com,gisela.sosa@demo.reseller.telcel.com,,,,
sburgos@esquer.com.mx,sergio,burgos,6656545150,Baja California,Tecate,"fletes esquer, s.a .dde c. v.",Contador,,25 a 50,Business Intelligence,Autenticación Móvil,buenas tardes: necesito de su apoyo para la elaboración de un complemento de pago del mes de febrero,True,False,3/13/2026 4:49:44 PM,3/13/2026 4:49:44 PM,BUI,R1,antonio.porras@telcelmkt.com,gisela.sosa@demo.reseller.telcel.com,,,,
mchavez@cuicacalli.mx,Miguel,Chavez,5556105172,Estado de México,Naucalpan de Juárez,Cuicacalli Ac.,Jefe,,5 a 25,Planes Empresariales,Plan Telcel Empresa,"buena tarde,

se requiere la cotizacion de lineas con equipo incluido",True,True,3/13/2026 5:05:30 PM,3/13/2026 5:05:30 PM,PTE,R9,alma.laura@telcel.com,gisela.sosa@demo.reseller.telcel.com,,,,
fer201cruz@gmail.com,fernanda,Cruz,7775236859,Morelos,Cuernavaca,Registro mi línea,Otro,comercio,1 a 5,Conectividad Telcel,eSIM,Registro mi línea telefonica,True,True,3/13/2026 5:36:21 PM,3/13/2026 5:36:21 PM,COT,R9,alma.laura@telcel.com,gisela.sosa@demo.reseller.telcel.com,,,,
armando.martinez@zoneprint.com.mx,Gabriel Armando,Martinez Mora,8118409684,Nuevo León,Apodaca,Zone Print Anuncios S.A. de C.V.,Gerente,,25 a 50,Business Intelligence,GEODATA,,True,False,3/13/2026 6:10:21 PM,3/13/2026 6:10:21 PM,BUI,R4,antonio.porras@telcelmkt.com,gisela.sosa@demo.reseller.telcel.com,,,,
info@nomadcare.com.mx,Javier,Espinosa Barrera,5522173753,Ciudad de México,Benito Juárez,Nomadcare de México SRL de CV,Dueño/Propietario,,1 a 5,Planes Empresariales,Plan Telcel Empresa,,True,False,3/13/2026 8:34:07 PM,3/13/2026 8:34:07 PM,PTE,R9,alma.laura@telcel.com,gisela.sosa@demo.reseller.telcel.com,,,,
ev1691484@gmail.com,Evelin Yazmin,Cortez Vazquez,7354768612,Morelos,Cuautla,Fisico,Otro,Empleado,1 a 5,Planes Empresariales,Plan Telcel Empresa,,True,False,3/13/2026 9:00:35 PM,3/13/2026 9:00:35 PM,PTE,R9,alma.laura@telcel.com,gisela.sosa@demo.reseller.telcel.com,,,,
mtrejo@consede.com.mx,MARIANA,TREJO,3751240276,Jalisco,Zapopan,CONSEDE LEASING SA DE CV,CEO/COO,,1 a 5,Conectividad Telcel,eSIM,"BUENAS NOCHES YA HABIA IDO A UN CENTRO DE ATENCION Y LLEVE MIS DOCUMENTO, HICE MIS BIOMÉTRICOS Y NO ME HAN CONTACTADO HA PASADO MAS DE UN MES",True,False,3/13/2026 9:51:27 PM,3/13/2026 9:51:30 PM,COT,R5,alejandra.munoz@telcel.com,gisela.sosa@demo.reseller.telcel.com,,,,
capibaradurmiendo@gmail.com,Eduardo,Peñuelas Carrillo,6621951931,Sonora,Hermosillo,Contar numeros,Contador,,25 a 50,Seguridad,Norton Antivirus Empresarial,Hola ayudenme a contar los numeros ya que soy contador podrian llamarme?,True,False,3/14/2026 12:32:54 AM,3/14/2026 12:32:55 AM,COT,R2,manuel.zuniga@telcel.com,gisela.sosa@demo.reseller.telcel.com,,,,
misaelrodriguez9094@gmail.com,Jerónimo Misael,Misael Rodriguez,4773996765,Ciudad de México,Cuauhtémoc,Colega,Gerente,,5 a 25,Conectividad Telcel,Redes Privadas de Datos,Necesito saber que pasa,True,True,3/14/2026 1:00:52 AM,3/14/2026 1:14:11 AM,COV,R9,alma.laura@telcel.com,gisela.sosa@demo.reseller.telcel.com,,,,
sistemas@sepoing.com.mx,david,castañeda,5541863845,Ciudad de México,Azcapotzalco,"SEPOING, S. DE R.L. DE C.V",Gerente,,25 a 50,Gestión Vehicular Telcel,Video a bordo,necesito camaras y rastreo gps,True,True,3/14/2026 8:31:13 AM,3/14/2026 8:31:13 AM,GVT,R9,alma.laura@telcel.com,gisela.sosa@demo.reseller.telcel.com,,,,
madrigalsa@hotmail.com,saulo,madrigal,3317438334,Jalisco,Guadalajara,SUPER PARTES ABASTOS,Director,,1 a 5,Planes Empresariales,Plan Telcel Empresa,,True,False,3/14/2026 10:31:01 AM,3/14/2026 10:31:01 AM,PTE,R5,alejandra.munoz@telcel.com,gisela.sosa@demo.reseller.telcel.com,,,,
loboblackhmo89@wes.net,Gustavo Antonio,Tello duran,6622954762,Sonora,Hermosillo,Sertap,Asistente,,1 a 5,Conectividad Telcel,Conectividad Avanzada M2M,5664013928,True,True,3/14/2026 11:20:11 AM,3/14/2026 11:20:14 AM,COV,R2,manuel.zuniga@telcel.com,gisela.sosa@demo.reseller.telcel.com,,,,
oo5720761@gmail.com,Oscar Alberto,Alvarez Espínola,5653857491,Hidalgo,Atitalaquia,Cafetería SANDO,Dueño/Propietario,,5 a 25,Planes Empresariales,Plan Telcel Empresa,Hola buenas tardes me interesa un plan con equipo en renta para mí empresa,True,True,3/14/2026 11:35:23 AM,3/14/2026 11:35:23 AM,PTE,R9,alma.laura@telcel.com,gisela.sosa@demo.reseller.telcel.com,,,,
ulisesubs@hotmail.com,Javier Ulises,Villalobos Silva,6141753895,Chihuahua,Chihuahua,Javier Ulises Villalobos Silva,Dueño/Propietario,,1 a 5,Comunicación Empresarial,Control de Ventas,,True,False,3/14/2026 2:36:37 PM,3/14/2026 2:36:37 PM,COE,R3,alberto.sifuentes@telcel.com,gisela.sosa@demo.reseller.telcel.com,,,,
bachitassaleee@gmail.com,Ale,hernandez,8443563402,Coahuila de Zaragoza,Saltillo,3Gb,Gerente,,100 a 500,Planes Empresariales,Plan Telcel Ultra Empresa,Telcel,True,True,3/14/2026 5:16:34 PM,3/14/2026 5:16:34 PM,PTE,R4,marsanva@telcel.com,gisela.sosa@demo.reseller.telcel.com,,,,
claudiameleare0250@gmail.com,Claudia Cecilia,Arévalo Meléndez,6141906555,Chihuahua,Chihuahua,RFC,Dueño/Propietario,,1 a 5,Seguridad,Control de Dispositivos MDM,Beneficiaria de mi esposo Juan Manuel Esquivel Rodríguez,True,True,3/14/2026 5:28:03 PM,3/14/2026 5:28:03 PM,SEG,R3,alberto.sifuentes@telcel.com,gisela.sosa@demo.reseller.telcel.com,,,,
bernardo.silva@xsysglobal.com,Sol Bernardo,Silva Castillo,5518491618,Estado de México,Cuautitlán Izcalli,XSYS Flexo México S de RL de CV,Gerente,,5 a 25,Planes Empresariales,Plan Telcel Empresa,Necesito contratar 4 líneas nuevas para mi empresa ya teniendo 13 activas,True,False,3/14/2026 5:57:10 PM,3/14/2026 5:57:10 PM,PTE,R9,alma.laura@telcel.com,gisela.sosa@demo.reseller.telcel.com,,,,
em7291928@gmail.com,Olga sarai,Gámez Tepuri,6674138395,Sinaloa,Culiacán,Yoooo,Otro,,1 a 5,Planes Empresariales,Plan Telcel Empresa,Ola estoy ocupada,True,False,3/14/2026 11:19:31 PM,3/14/2026 11:19:31 PM,PTE,R2,manuel.zuniga@telcel.com,gisela.sosa@demo.reseller.telcel.com,,,,
yamiladulcejuarez@gmail.com,CLARA,PACHECO,5525190093,Estado de México,Amecameca,Yamila/Lupita,Dueño/Propietario,,1 a 5,Gestión de Fuerza en Campo,Localización Empresarial,Ocupo todos los servicios,True,True,3/14/2026 11:38:14 PM,3/14/2026 11:47:59 PM,COT,R9,alma.laura@telcel.com,gisela.sosa@demo.reseller.telcel.com,,,,
gregoriaa064@gmail.com,Sergio,Gallegos,8714843259,Durango,Gómez Palacio,GVS940122CLLRR01,Otro,Operador,5 a 25,Planes Empresariales,Plan Telcel Ultra Empresa,Quiero CEL nuevo,True,True,3/15/2026 9:06:00 AM,3/15/2026 9:06:00 AM,PTE,R3,alberto.sifuentes@telcel.com,gisela.sosa@demo.reseller.telcel.com,,,,
santiago@jrshop.mx,Santiago,Solloa,5526532053,Estado de México,Atizapán de Zaragoza,Grupo JR Interiores,Dueño/Propietario,,5 a 25,Planes Empresariales,Plan Telcel Empresa,Quisiera ver algún plan empresarial para mi compañía.,True,True,3/15/2026 9:30:28 AM,3/15/2026 9:30:28 AM,PTE,R9,alma.laura@telcel.com,gisela.sosa@demo.reseller.telcel.com,,,,
alanbetancourt@outlook.com,Alan,Martinez Betancourt,8118237770,Nuevo León,Apodaca,Rebel Capital México SAPI de CV,Dueño/Propietario,,1 a 5,Comunicación Empresarial,Control de Ventas,Plan de renta a nombre de persona moral,True,True,3/15/2026 12:13:25 PM,3/15/2026 12:13:25 PM,COE,R4,americo.chapa@telcel.com,gisela.sosa@demo.reseller.telcel.com,,,,
servicios.cart@gmail.com,Carlos,Ramirez,3311260211,Jalisco,Guadalajara,VICARA CONSULTORIA,Asistente,,1 a 5,Planes Empresariales,Plan Telcel Empresa,Quisiera saber si puedo contratar online o que se requiere,True,True,3/15/2026 4:29:08 PM,3/15/2026 4:29:08 PM,PTE,R5,alejandra.munoz@telcel.com,gisela.sosa@demo.reseller.telcel.com,,,,
deliaaguilargarcia241@gmail.com,Delia,Agu ilar,5664474726,Querétaro,Querétaro,AUGD770525T67,Dueño/Propietario,,5 a 25,Planes Empresariales,Plan Telcel Empresa,Kiero un plan 19 linea,True,True,3/15/2026 5:01:21 PM,3/15/2026 5:01:21 PM,PTE,R6,luialdve@telcel.com,gisela.sosa@demo.reseller.telcel.com,,,,
brayanzaragoza17@gmail.com,Brian Gerardo,Zaragoza Pantoja,8711322209,Durango,Gómez Palacio,Instituto tecnológico de Lerdo,Otro,Estudiante,1 a 5,Comunicación Empresarial,Control de Ventas,Quiero conocer sus ofertas,True,True,3/16/2026 9:04:14 AM,3/19/2026 8:26:27 AM,COE,R3,alberto.sifuentes@telcel.com,gisela.sosa@demo.reseller.telcel.com,,,,
agrobela-facturas.maravatio@outlook.com,JANIK,LOPEZ,4471726182,Michoacán de Ocampo,Maravatío,AGROBELA AGROQUIMICOS,Otro,,5 a 25,Gestión Vehicular Telcel,Módulo de Ruteo,"Buen dia, estoy interesado en informacion de sistema de gps para un aproximado de 10 unidades",True,False,3/16/2026 9:07:09 AM,3/16/2026 9:07:09 AM,COT,R5,alejandra.munoz@telcel.com,gisela.sosa@demo.reseller.telcel.com,,,,
r.galan@grupocoflyar.com,Roque,Galan,5513417645,Estado de México,Nicolás Romero,Grupo Coflyar,Otro,Gerente de informática,25 a 50,Business Intelligence,Indicadores Móviles,Hola estoy interesado en algun plan para 15 a 20 sims para instalar en camaras de seguridad para vehículos. Estuve investigando y manejan data pooling,True,False,3/16/2026 12:39:49 PM,3/16/2026 12:39:49 PM,BUI,R9,antonio.porras@telcelmkt.com,gisela.sosa@demo.reseller.telcel.com,,,,
administracion@ebenezerfyf.com,Daniel,Flores,3323499725,Estado de México,Ixtapan de la Sal,Comercializadora de follajes finos ebenezer sa de cv,Director,,5 a 25,Planes Empresariales,Plan Telcel Empresa,Me gustaría cotizar 5 líneas telefónicas para mi empresa con planes controlados.,True,False,3/16/2026 1:59:53 PM,3/16/2026 1:59:53 PM,PTE,R9,alma.laura@telcel.com,gisela.sosa@demo.reseller.telcel.com,,,,
cordovaadan08@gmail.com,Adan,Cordova  Aria,8132631831,Ciudad de México,Miguel Hidalgo,Soltero,Dueño/Propietario,,1 a 5,Planes Empresariales,Plan Telcel Ultra Empresa,"Me gusta trabajar por mi propia cuenta 
",True,True,3/16/2026 6:33:39 PM,3/16/2026 6:33:39 PM,PTE,R9,alma.laura@telcel.com,gisela.sosa@demo.reseller.telcel.com,,,,
jairuiz23@gmail.com,Angel jair,Ruiz Mendoza,2285010974,Veracruz de Ignacio de la Llave,Veracruz,ANGEL JAIR RUIZ MENDOZA,Dueño/Propietario,,1 a 5,Conectividad Telcel,Internet Gestionado,"Necesito sims y planes de datos para equipos gps, dvrs y tablets",True,False,3/16/2026 7:20:07 PM,3/16/2026 7:20:07 PM,COT,R7,juan.galicia@telcel.com,gisela.sosa@demo.reseller.telcel.com,,,,
etovar@tasclaw.com.mx,Elizabeth,Tovar,5532232193,Estado de México,Atizapán de Zaragoza,TASC LAW SC,Dueño/Propietario,,1 a 5,Planes Empresariales,Plan Telcel Empresa,Estoy interesada en el Telcel Empresa 1,True,False,3/16/2026 7:59:11 PM,3/16/2026 7:59:11 PM,PTE,R9,alma.laura@telcel.com,gisela.sosa@demo.reseller.telcel.com,,,,
suministros.carva@hotmail.com,Suministros,Carva,8110237031,Nuevo León,Guadalupe,Servicios y Suministros industriales carva,Dueño/Propietario,,1 a 5,Planes Empresariales,Plan Telcel Empresa,Me interesa con plan y equipos,True,False,3/16/2026 8:33:00 PM,3/16/2026 8:33:00 PM,PTE,R4,americo.chapa@telcel.com,gisela.sosa@demo.reseller.telcel.com,,,,
ag2016390@gmail.com,Adolfo,García,8332948689,Veracruz de Ignacio de la Llave,Tantoyuca,Operador de máquinaria,Otro,Operador de la,25 a 50,Planes Empresariales,Plan Telcel Empresa,Me urge tener internet para poder comunicarme con mis trabajadores,True,True,3/16/2026 11:06:03 PM,3/16/2026 11:06:03 PM,PTE,R7,juan.galicia@telcel.com,gisela.sosa@demo.reseller.telcel.com,,,,
rjhesus5@gmail.com,Jesus,Ramirez Eugenio,7774678479,Morelos,Cuernavaca,Para mantenerme comunicado con mi patrón,Asistente,,1 a 5,Planes Empresariales,Plan Telcel Empresa,Solo ocupo un teléfono que pueda ser con. Plann para poder mantenerme comunicado ya que no tengo teléfono,True,True,3/17/2026 4:18:29 AM,3/17/2026 4:18:29 AM,PTE,R9,alma.laura@telcel.com,gisela.sosa@demo.reseller.telcel.com,,,,
f.arvizu@apelsagdl.com.mx,ING FRANCISCO,ARVIZU,3310638898,Jalisco,Tonalá,TRANSPORTES AGSA,Gerente,,5 a 25,Gestión Vehicular Telcel,Módulo de Ruteo,"FAVOR DE MANDAR WHATS ANTES, PORQUE NO TENGO ABIERTO A TODOS LOS NUMEROS NO REGISTRADOS",True,False,3/17/2026 8:58:22 AM,3/17/2026 8:58:22 AM,GVT,R5,alejandra.munoz@telcel.com,gisela.sosa@demo.reseller.telcel.com,,,,
ulises.gonzalez@harting.com,Ulises,Gonzalez,4721616217,Guanajuato,León,HMM1508216C9,Especialista,,500 a 1000,Conectividad Telcel,eSIM,"Buen día,

Actualmente tenemos lineas contratadas con Telcel, sin embargo NO tenemos contacto directamente con la empresa y  cualquier trámite debemos hacerlo a traves de un tercero, esto dificulta demasiado la comunicación y retrasa demasiado los tiempos de respuesta.

¿Serían tan amables en decirnos que necesitamos para tener soporte de un ejecutivo directo de Telcel?

Gracias.",True,False,3/17/2026 9:09:30 AM,3/17/2026 9:09:30 AM,COT,R6,jorge.galvan@telcel.com,gisela.sosa@demo.reseller.telcel.com,,,,
cdominguez@newcityhospital.com,Carolina,Dominguez,6641190600,Baja California,Tijuana,NEWCITY HOSPITAL S.A.P.I. DE C.V.,Jefe,,100 a 500,Conectividad Telcel,eSIM,"OCUPO ACTIVAR UNA LINEA TELEFONICA, PERO MARCA ERROR ASI QUE NECESITO REGISTRARME CON USTEDES.
SE PUEDE DE MANERA ONLINE?",True,True,3/17/2026 9:22:11 AM,3/17/2026 9:22:11 AM,COT,R1,melpadsa@telcel.com,gisela.sosa@demo.reseller.telcel.com,,,,
ncandia@injemexplasticos.mx,ESTEFANY,CANDIA,8145884007,Nuevo León,Salinas Victoria,INJEMEX PLASTICOS,Asistente,,5 a 25,Planes Empresariales,Plan Telcel Empresa,"Hola buenos dias quisiera solicitar una cotización de internet móvil para la empresa INJEMEX PLASTICOS .

Quedo atenta a alguna respuesta",True,True,3/17/2026 9:29:17 AM,3/17/2026 9:29:17 AM,PTE,R4,americo.chapa@telcel.com,gisela.sosa@demo.reseller.telcel.com,,,,
admin.trafico@tjf-transportes.com,ANGELICA,CORTEZ,6563946776,Chihuahua,Juárez,TRANSPORTE JUAREZ FRONTERIZO,Asistente,,1 a 5,Seguridad,Control Móvil Empresarial,"Buenos dias, compre un nuevo chip para un empleado de la empresa, me interesa registrarlo como numero empresarial sin tener que agarrar paquete, solo vincularlo",True,False,3/17/2026 10:06:37 AM,3/17/2026 10:06:37 AM,COT,R3,alberto.sifuentes@telcel.com,gisela.sosa@demo.reseller.telcel.com,,,,
luisalfredo.rodriguez@durofelguera.com,Luis Alfredo,Rodriguez,5610442041,Ciudad de México,Miguel Hidalgo,PROYECTOS E INGENIERIA PYCOR SA DE CV,Especialista,,5 a 25,Planes Empresariales,Plan Telcel Ultra Empresa,"Buenas tardes. Necesitamos hacer la portabilidad de 5 líneas telefónicas, y adicionalmente una línea extra.",True,False,3/17/2026 10:23:20 AM,3/17/2026 10:23:20 AM,TEU,R9,alma.laura@telcel.com,gisela.sosa@demo.reseller.telcel.com,,,,
pedrazaangie286@gmail.com,Angelica,Pedraza plata,7221552095,Estado de México,Temascaltepec,Sin señal,Otro,Empleado,1000+,Business Intelligence,Autenticación Móvil,No tenemos señal desde hace una semana,True,True,3/17/2026 10:26:09 AM,3/17/2026 10:26:09 AM,BUI,R9,antonio.porras@telcelmkt.com,gisela.sosa@demo.reseller.telcel.com,,,,
gps@tmartillo.com,Rodrigo Emanuel,Velasco Hernandez,7209189317,Querétaro,Querétaro,TRANSPORTES MARTTILLO,Asistente,,5 a 25,Comunicación Empresarial,Control de Ventas,"Hola, buen día.

Nos interesa obtener información sobre **planes empresariales de telefonía móvil y la apertura de una cuenta corporativa con Telcel** para centralizar varias líneas de nuestra empresa.

Actualmente buscamos una solución que nos permita **evitar recargas individuales, tener facturación mensual y administrar varias líneas bajo una sola cuenta**.

Agradeceríamos que un ejecutivo se ponga en contacto para conocer las opciones disponibles, requisitos y planes que mejor se adapten a este esquema empresarial.

Quedo atento a su respuesta.
Muchas gracias.",True,False,3/17/2026 10:37:40 AM,3/18/2026 11:18:55 AM,COT,R6,luialdve@telcel.com,gisela.sosa@demo.reseller.telcel.com,,,,
israel.martinez@delbravo.com,ISRAEL,MARTINEZ CARRASCO,8117604993,Nuevo León,Apodaca,Del Bravo SL,Jefe,,25 a 50,Planes Empresariales,Plan Telcel Empresa,"Buen dia, quisiera ver la opcion de cambiar con ustedes, cotizaciones de equipos. Ademas de BAM para acceso a internet.
Quedo a la espera de su pronta respuesta.",True,False,3/17/2026 10:40:33 AM,3/17/2026 10:40:33 AM,PTE,R4,americo.chapa@telcel.com,gisela.sosa@demo.reseller.telcel.com,,,,
ventas@modulac.com.mx,Berenice,Camacho,8184616291,Nuevo León,García,Grupo Modula SA de CV,Analista,,25 a 50,Planes Empresariales,Plan Telcel Empresa,me interesa migrar mi emtpresa de ATT a Telcel,True,False,3/17/2026 10:51:07 AM,3/17/2026 10:51:07 AM,PTE,R4,americo.chapa@telcel.com,gisela.sosa@demo.reseller.telcel.com,,,,
josel@ben-in.com.mx,jose,lopez,5577329009,Ciudad de México,Miguel Hidalgo,"ASF PRISMA SEGUROS MEXICO, AGENTE DE SEGUROS Y DE FIANZAS",Otro,ADMINISTRACION,5 a 25,Comunicación Empresarial,Control de Ventas,"nos dedicamos a los seguros Autos, GMM, casas, etc.
Estamos con AT&T pero nos queremos cambiar tenemos 10 lineas de la empresa y no queremos perder los los numeros de nuestras lineas",True,True,3/17/2026 11:45:16 AM,3/17/2026 11:45:16 AM,COT,R9,alma.laura@telcel.com,gisela.sosa@demo.reseller.telcel.com,,,,
tr.gerardo22@gmail.com,Juan Gerardo,Castillo,4443291957,San Luis Potosí,San Luis Potosí,Especialista en terapia respiratoria San Luis Potosí,Dueño/Propietario,,1 a 5,Planes Empresariales,Plan Telcel Ultra Empresa,Cotizar planes para empresa,True,True,3/17/2026 12:06:59 PM,3/17/2026 12:06:59 PM,TEU,R6,luialdve@telcel.com,gisela.sosa@demo.reseller.telcel.com,,,,
fernando.contreras@eztravel.mx,LUIS FERNANDO,CONTRERAS,6623177814,Sonora,Hermosillo,EZ TRAVEL SA DE CV,Otro,OFICIAL DE TESORERIA,50 a 100,Conectividad Telcel,Redes Privadas de Datos,Buen dia necesito me proporcionen la factura de mi  linea telefonica asignada por la empresa para pagarla,True,True,3/17/2026 12:29:39 PM,3/17/2026 12:29:39 PM,COT,R2,adrian.huerta@telcel.com,gisela.sosa@demo.reseller.telcel.com,,,,
grecia.vega@colliers.com,Grecia,Vega,5580318957,Querétaro,Querétaro,Asociación de condóminos Torre 57,Otro,Facility assistant,1 a 5,Comunicación Empresarial,Push to Talk,Me interesa realizar portabilidad de línea dentro de un plan telefónico,True,True,3/17/2026 12:30:18 PM,3/17/2026 12:30:18 PM,COE,R6,luialdve@telcel.com,gisela.sosa@demo.reseller.telcel.com,,,,
bernardo.g.gallo@gmail.com,Bernardo,Gálvez Gallo,3310559258,Querétaro,Querétaro,IBIL LASER MEXICO S DE RL DE CV,Especialista,,1 a 5,Planes Empresariales,Plan Telcel Empresa,"Buenas tardes. Me apoya a generar una cotización formal sobre el plan Telcel Empresa 6 con equipo celular iPhone 14 por favor, en plan. 

Muchas gracias",True,True,3/17/2026 1:38:16 PM,3/17/2026 1:38:16 PM,PTE,R6,luialdve@telcel.com,gisela.sosa@demo.reseller.telcel.com,,,,
agroinnovaciontapatia@gmail.com,Rafael,España,3322590229,Jalisco,Guadalajara,AGRO INNOVACION TAPATIA SA DE CV,Dueño/Propietario,,1 a 5,Planes Empresariales,Plan Telcel Empresa,BUSCO APERTURA DE DOS LINEAS CON EQUIPO,True,False,3/17/2026 1:51:58 PM,3/17/2026 1:51:58 PM,PTE,R5,alejandra.munoz@telcel.com,gisela.sosa@demo.reseller.telcel.com,,,,
mrio@pcga.com,Maria José,Rio,5615466644,Ciudad de México,Benito Juárez,pcga,Asistente,,1 a 5,Planes Empresariales,Plan Telcel Empresa,"Buenas tardes, me interesa saber si la factura que emiten por el pago de plan de renta , contiene la información del domicilio fiscal .",True,True,3/17/2026 2:09:26 PM,3/17/2026 2:09:26 PM,PTE,R9,alma.laura@telcel.com,gisela.sosa@demo.reseller.telcel.com,,,,
lucrezia.marzotto@gmail.com,lucrezia,marzotto,4464776572,Ciudad de México,Cuauhtémoc,ANIMO GLOBAL BRANDS SAPI DE CV,Dueño/Propietario,,1 a 5,Planes Empresariales,Plan Telcel Empresa,"Quiero contratar el plan Telcel Empresa 1, me pueden contactar por favor? Mi numero es 4464776572 para llamadas, o whatsapp es +447492292727.",True,False,3/17/2026 2:30:36 PM,3/17/2026 2:30:36 PM,PTE,R9,alma.laura@telcel.com,gisela.sosa@demo.reseller.telcel.com,,,,
leslie.mejia.q@outlook.com,Leslie,Mejia,7225461244,Estado de México,Toluca,Tractomexico GCM,Gerente,,5 a 25,Planes Empresariales,Plan Telcel Empresa,Paquete de líneas Telcel para 8 empleados,True,True,3/17/2026 3:26:28 PM,3/17/2026 3:26:28 PM,PTE,R9,alma.laura@telcel.com,gisela.sosa@demo.reseller.telcel.com,,,,
keren@utf.digital,Keren,Gonzalez,5562041810,Ciudad de México,Cuauhtémoc,USE THE FORCEDICKENS,Asistente,,1 a 5,Planes Empresariales,Plan Telcel Empresa,Quisiera una cotización,True,False,3/17/2026 3:42:33 PM,3/17/2026 3:42:33 PM,PTE,R9,alma.laura@telcel.com,gisela.sosa@demo.reseller.telcel.com,,,,
sales@casajebaju.com,Livia,Rezende Mendes,9988442965,Quintana Roo,Benito Juárez,Casa Jebaju S de RL de CV,Dueño/Propietario,,1 a 5,Planes Empresariales,Plan Telcel Empresa,"Buenas tardes,
tengo interés en hacer portabilidad de mi linea a Telcel, por favor dejame saber como proceder.
gracias.",True,True,3/17/2026 3:43:56 PM,3/17/2026 3:43:56 PM,PTE,R8,maria.rodriguez@telcel.com,gisela.sosa@demo.reseller.telcel.com,,,,
arturori@antztours.com,ARTURO,RODRIGUEZ,5513797539,Ciudad de México,Miguel Hidalgo,ATO080919770,Director,,1 a 5,Planes Empresariales,Plan Telcel Empresa,"SOLICITO INFORMACION PARA PODER DAR DE ALTA MI LINEA PARA EMPRESAS
COMUNICARSE CON MI ASISTENTE JESUS RODRIGUEZ 5512404107",True,True,3/17/2026 3:44:56 PM,3/17/2026 3:44:56 PM,PTE,R9,alma.laura@telcel.com,gisela.sosa@demo.reseller.telcel.com,,,,
lorenaplascencia805@gmail.com,LORENA,PLASCENCIA,3311446084,Jalisco,El Salto,VGO TRANSPORT,Jefe,,100 a 500,Conectividad Telcel,eSIM,NECESITO UN ASESOR DE VENTAS,True,True,3/17/2026 3:51:43 PM,3/17/2026 3:51:43 PM,COT,R5,luiortpa@telcel.com,gisela.sosa@demo.reseller.telcel.com,,,,
tecnologias.info@grupoday.com,Astrid,Wilson,5551004464,Ciudad de México,Miguel Hidalgo,Grupo Day,Gerente,,100 a 500,Seguridad,Norton Antivirus Empresarial,Hola estoy interesada en cotizar Norton empresarial para 160 dispositivos,True,False,3/17/2026 4:59:23 PM,3/17/2026 4:59:23 PM,COT,R9,alma.laura@telcel.com,gisela.sosa@demo.reseller.telcel.com,,,,
israelarriaga40@yahoo.com,ISRAEL,ARRIAGA,5519968289,Ciudad de México,Azcapotzalco,ISRAEL ARRIAGA BRAVO,CEO/COO,,5 a 25,Conectividad Telcel,Conectividad Avanzada M2M,DESEO UN PLAN PARA TODOS MIS OPERADORES CON COBERTURA NACIONAL.,True,True,3/17/2026 4:59:52 PM,3/17/2026 4:59:52 PM,COV,R9,alma.laura@telcel.com,gisela.sosa@demo.reseller.telcel.com,,,,
carlosh@exsitu.mx,Carlos,Hernandez,6634444783,Baja California,Tijuana,Ex situ Consulting Services,Dueño/Propietario,,1 a 5,Planes Empresariales,Plan Telcel Empresa,"Buen dia, requiero informacion para contrar lineas telefonicas con su empresa",True,False,3/17/2026 5:23:08 PM,3/17/2026 5:23:08 PM,PTE,R1,ignacio.sanchez@telcel.com,gisela.sosa@demo.reseller.telcel.com,,,,
felissa.gb@gmail.com,Felissa,Gomez,3327920164,Jalisco,Guadalajara,Electrificaciones Magma SA de CV,Asistente,,5 a 25,Planes Empresariales,Plan Telcel Empresa,"Me apoyan con información para dar de alta planes con Telcel Empresas, tengo 12 equipos de smartphone",True,False,3/17/2026 6:29:44 PM,3/17/2026 6:29:44 PM,PTE,R5,alejandra.munoz@telcel.com,gisela.sosa@demo.reseller.telcel.com,,,,
aaron.campos@infralink.mx,Aaron,Campos,5651374957,Estado de México,Ecatepec de Morelos,Infralink systemsnet corp,Dueño/Propietario,,5 a 25,Comunicación Empresarial,Push to Talk,Quiero contratar 2  planes con equipo telefonico,True,True,3/17/2026 6:30:15 PM,3/17/2026 6:30:15 PM,COT,R9,alma.laura@telcel.com,gisela.sosa@demo.reseller.telcel.com,,,,
ventas@ochoochenta.com,Jose Antonio,Carreon Baca,6568628880,Chihuahua,Juárez,Jose Antonio Carreon Baca,Dueño/Propietario,,1 a 5,Planes Empresariales,Plan Telcel Empresa,Faver de contactar para la.contratacion de plan Telcel Empresas manteniendo mi número actual,True,True,3/17/2026 9:27:56 PM,3/17/2026 9:27:56 PM,PTE,R3,alberto.sifuentes@telcel.com,gisela.sosa@demo.reseller.telcel.com,,,,
samantha_limon@vtech.com,samantha,limon,6651343958,Baja California,Tecate,IVE990628NM7,Asistente,,25 a 50,Business Intelligence,GEODATA,Favor de comunicarse,True,False,3/18/2026 10:00:13 AM,3/18/2026 10:00:13 AM,BUI,R1,antonio.porras@telcelmkt.com,gisela.sosa@demo.reseller.telcel.com,,,,
aarchundia@marcat.com.mx,Adrian,Archundia,3312616883,Jalisco,Tlajomulco de Zúñiga,QMA981028QD4,Jefe,,5 a 25,Conectividad Telcel,eSIM,Busco planes con equipo,True,False,3/18/2026 10:02:36 AM,3/18/2026 10:02:36 AM,COT,R5,alejandra.munoz@telcel.com,gisela.sosa@demo.reseller.telcel.com,,,,
marinaruiz04843@gmail.com,Manual,Diaz Diaz,9192720374,Chiapas,Simojovel,Manual 375,Jefe,,25 a 50,Planes Empresariales,Plan Telcel Ultra Empresa,Manual Diaz Diaz,True,True,3/18/2026 10:21:51 AM,3/18/2026 10:21:51 AM,PTE,R8,maria.rodriguez@telcel.com,gisela.sosa@demo.reseller.telcel.com,,,,
ing.flores@gnosisid.com,Andres,Flores,5588249386,Ciudad de México,Iztapalapa,Andrés Flores valencia,Dueño/Propietario,,50 a 100,Planes Empresariales,Plan Telcel Empresa,"Quiero contratar 12 líneas
",True,True,3/18/2026 10:23:43 AM,3/18/2026 10:23:43 AM,PTE,R9,alma.laura@telcel.com,gisela.sosa@demo.reseller.telcel.com,,,,
adilene.reynoso@castool.com,Adilene,Reynoso,4424754708,Querétaro,Querétaro,Excotaro,Analista,,25 a 50,Conectividad Telcel,eSIM,"Contratamos una línea adicional y no esta vinculado a la cuenta de la empresa. 
No me permite descargar la factura en el portal
",True,False,3/18/2026 10:23:52 AM,3/18/2026 10:23:52 AM,COT,R6,luialdve@telcel.com,gisela.sosa@demo.reseller.telcel.com,,,,
oscar@agenciaraptors.com,Oscar,Linares Flores,5585291435,Estado de México,Nezahualcóyotl,LATITUD PROMOCIONALES SA DE CV,Gerente,,100 a 500,Servicios Cloud,Microsoft 365,"Estimados,

Muy buenas tardes.

Me permito dirigirme a ustedes para expresar nuestro interés en convertirnos en proveedores del área de marketing. Somos una empresa dedicada a la elaboración de artículos promocionales y nos gustaría compartir con ustedes nuestro catálogo de productos.

Agradecería mucho su apoyo para indicarme con quién debo establecer contacto a fin de enviar la información correspondiente y dar inicio al proceso.

Quedo atento a sus comentarios y agradezco de antemano su atención.

Saludos cordiales,",True,True,3/18/2026 11:16:42 AM,3/18/2026 11:16:42 AM,COT,R9,alma.laura@telcel.com,gisela.sosa@demo.reseller.telcel.com,,,,
superpollotj@yahoo.com.mx,David,Martinez,6646282298,Baja California,Tijuana,Super Pollo,Dueño/Propietario,,5 a 25,Conectividad Telcel,eSIM,Necesito telefonía e Internet conservando el número de TELNOR,True,True,3/18/2026 12:08:55 PM,3/18/2026 12:08:55 PM,COV,R1,ignacio.sanchez@telcel.com,gisela.sosa@demo.reseller.telcel.com,,,,
angelica.luna@faroprotec.com,Angélica,Luna,5556013111,Ciudad de México,Álvaro Obregón,FARO SOLUCIONES EN TECNOLOGIA,Asistente,,5 a 25,Business Intelligence,Autenticación Móvil,"Me gustaría saber cómo registraremos el CURP ya que como empresa, designamos varios teléfonos a nuestros trabajadores.",True,False,3/18/2026 12:11:22 PM,3/18/2026 12:11:22 PM,BUI,R9,antonio.porras@telcelmkt.com,gisela.sosa@demo.reseller.telcel.com,,,,
ventas@neokem.mx,ELSA,ZUÑIGA,8117592266,Nuevo León,Guadalupe,GRUPO NEOKEM,Gerente,,1 a 5,Planes Empresariales,Plan Telcel Empresa,NECESITO INFORMACIÓN DE PLANES Y PORTABILIDAD,True,True,3/18/2026 1:04:22 PM,3/18/2026 1:04:22 PM,PTE,R4,americo.chapa@telcel.com,gisela.sosa@demo.reseller.telcel.com,,,,
guadalupe@holacasa.mx,Guadalupe,Fuentes,5659705081,Ciudad de México,Benito Juárez,holacasa,Analista,,1 a 5,Planes Empresariales,Plan Telcel Empresa,Servicio más barato y sin plazos forzosos,True,False,3/18/2026 1:21:44 PM,3/18/2026 1:21:44 PM,PTE,R9,alma.laura@telcel.com,gisela.sosa@demo.reseller.telcel.com,,,,
suzette@gerundio.com.mx,Suzette,Roque,5539590633,Ciudad de México,Miguel Hidalgo,GERUNDIO S.C.,Gerente,,1 a 5,Planes Empresariales,Plan Telcel Empresa,"Hola me interesa el plan empresa 3, me pueden dar informaión?",True,False,3/18/2026 1:26:35 PM,3/18/2026 1:26:35 PM,PTE,R9,alma.laura@telcel.com,gisela.sosa@demo.reseller.telcel.com,,,,
erik@ersal.mx,Erik,Romero,5517985484,Ciudad de México,Cuauhtémoc,Soluciones litográficas ersal,Director,,1 a 5,Gestión Vehicular Telcel,Telemetría,Qué costo tiene?,True,True,3/18/2026 1:39:10 PM,3/18/2026 1:39:10 PM,COT,R9,alma.laura@telcel.com,gisela.sosa@demo.reseller.telcel.com,,,,
halbertomatias@gmail.com,Alberto Angel,Hernandez,7771921069,Morelos,Cuernavaca,Grupo Matias Hdez,Dueño/Propietario,,1 a 5,Planes Empresariales,Plan Telcel Empresa,Contratar plan para mí empresa,True,True,3/18/2026 1:44:04 PM,3/18/2026 1:44:04 PM,PTE,R9,alma.laura@telcel.com,gisela.sosa@demo.reseller.telcel.com,,,,
admini@siemsa.com.mx,Carolina,Salas,2223135635,Puebla,Puebla,SIEMSA,Asistente,,5 a 25,Comunicación Empresarial,Control de Ventas,Me enviaron mensaje de que tengo el pago vencido y se acaba de pagar el 13 de marzo no sé que pasa,True,True,3/18/2026 1:59:05 PM,3/18/2026 1:59:05 PM,COT,R7,juan.galicia@telcel.com,gisela.sosa@demo.reseller.telcel.com,,,,
rsanchez.reve@gmail.com,Ricardo Alan,Sanchez,5630009508,Estado de México,Tultepec,REVE CONTADORES Y ASOCIADOS,Contador,,1 a 5,Planes Empresariales,Plan Telcel Empresa,Quiero contratar un plan de empresa,True,True,3/18/2026 2:07:29 PM,3/18/2026 2:07:29 PM,PTE,R9,alma.laura@telcel.com,gisela.sosa@demo.reseller.telcel.com,,,,
mo.d3.n7@gmail.com,Samuel,Duarte,5565238680,Ciudad de México,Miguel Hidalgo,DUPS830718CT9,Director,,5 a 25,Planes Empresariales,Plan Telcel Empresa,"Requisitos, tiempo y proceso de contratación",True,True,3/18/2026 2:42:10 PM,3/18/2026 2:42:10 PM,PTE,R9,alma.laura@telcel.com,gisela.sosa@demo.reseller.telcel.com,,,,
martinjr@mjs.com.mx,Martin,Jaime,6644404537,Baja California,Tijuana,JAZM820521KR1,Director,,5 a 25,Comunicación Empresarial,Control de Ventas,Interesado en los planes que ofrecen con equipos.,True,True,3/18/2026 4:25:24 PM,3/18/2026 4:25:24 PM,COT,R1,ignacio.sanchez@telcel.com,gisela.sosa@demo.reseller.telcel.com,,,,
contacto@consultoresmf.com.mx,MF,CONSULTORES,2229672630,Puebla,Puebla,FSE CONSULTORES,Asistente,,1 a 5,Planes Empresariales,Plan Telcel Empresa,Me puedes proporcionar información referente a los planes que namejan con el equipo incluido.,True,True,3/18/2026 5:04:05 PM,3/18/2026 5:04:05 PM,PTE,R7,juan.galicia@telcel.com,gisela.sosa@demo.reseller.telcel.com,,,,
gestiones@leonscanner.com,Julia,Moya,4775779981,Guanajuato,León,"RADIOLOGIA, MEDICINA NUCLEAR Y LABORATORIO DEL BAJIO",Asistente,,5 a 25,Planes Empresariales,Plan Telcel Empresa,"Buenas tardes. Queremos cotizar un plan ya sea el plan de empresa o empresa ultra, para comprar un equipo Iphone 17 pro max de 1tb, con línea mínimo de 24gb. No sabemos cual nos convenga más o realmente que diferencias tiene el ultra del empresa normal. A parte, probablemente queramos 2 o 3 líneas más sin equipo también en la empresa. Pudieramos agendar una cita con un agente para verlo? Gracias de antemano.",True,False,3/18/2026 6:08:17 PM,3/18/2026 6:08:17 PM,PTE,R6,luialdve@telcel.com,gisela.sosa@demo.reseller.telcel.com,,,,
1972220822v@gmail.cpm,Miguel Ángel,Cruz,5654040004,Querétaro,Tolimán,Grupo despertares iap,Dueño/Propietario,,1 a 5,Conectividad Telcel,eSIM,Solicito información de cuatro planes con equipo incluido,True,True,3/18/2026 6:58:33 PM,3/18/2026 6:58:33 PM,COV,R6,luialdve@telcel.com,gisela.sosa@demo.reseller.telcel.com,,,,
mayog823@gmail.com,ISMAEL,HERNÁNDEZ,4271128182,Querétaro,Pedro Escobedo,Nuevo Amanecer Corporativo de Seguridad Privada,Jefe,,25 a 50,Gestión de Fuerza en Campo,Servicios en Campo,Asesoría y atención para juntar todos los dispositivos que tengo en mi poder para tener mayor control.,True,True,3/18/2026 9:08:47 PM,3/18/2026 9:08:47 PM,GFC,R6,luialdve@telcel.com,gisela.sosa@demo.reseller.telcel.com,,,,
bgarcia1775200@gmail.com,INDUSTRIAS,KINA,7225586238,Nuevo León,Monterrey,INDUSTRIAS KINA,Analista,,5 a 25,Planes Empresariales,Plan Telcel Empresa,Quiero cotizar dispositivos y paquetes,True,True,3/19/2026 9:14:34 AM,3/19/2026 9:16:58 AM,PTE,R4,americo.chapa@telcel.com,gisela.sosa@demo.reseller.telcel.com,,,,
contabilidad@ferbia.mx,ALMENDRA,NAVARRO,4686878004,Guanajuato,San Luis de la Paz,FORMULADORA BIOESTIMULANDO ANDO,Contador,,1 a 5,Conectividad Telcel,Internet Gestionado,"Buen día, me gustaría contratar un internet en mi empresa, en dónde puedo hacer la contratacion",True,True,3/19/2026 9:36:45 AM,3/19/2026 9:36:45 AM,COV,R6,luialdve@telcel.com,gisela.sosa@demo.reseller.telcel.com,,,,
brhigtoncorona@outlook.com,Brhigton Alan,Corona Zamora,5627739300,Ciudad de México,Miguel Hidalgo,ZAMORA GLOBAL SERVICES,Dueño/Propietario,,1 a 5,Planes Empresariales,Plan Telcel Empresa,Estoy interesado en el plan de empresa 1,True,False,3/19/2026 9:44:18 AM,3/19/2026 9:44:18 AM,PTE,R9,alma.laura@telcel.com,gisela.sosa@demo.reseller.telcel.com,,,,
flexopress@flexopress.com.mx,FERNANDA,MENDOZA,8445356577,Coahuila de Zaragoza,Saltillo,FLEXOPRESS,Contador,,5 a 25,Business Intelligence,Autenticación Móvil,"Necesito de su apoyo, por favor, para poder actualizar los datos fiscales de las facturas de Flexopress, números de teléfono 8448691134, 8441038004 y cuenta consolidada 45357379, porque me habían estado llegando bien, facturadas a FLE000323TU8, pero en el mes de febrero nos las emitieron como público en general.",True,False,3/19/2026 9:57:43 AM,3/19/2026 9:57:43 AM,BUI,R4,antonio.porras@telcelmkt.com,gisela.sosa@demo.reseller.telcel.com,,,,
servicios@iecmexico.com.mx,Valeria,Torres,5569650517,Querétaro,Querétaro,International Electronics Corporation,Analista,,5 a 25,Business Intelligence,Indicadores Móviles,"Buenos días, ya soy cliente, requiero renovar mi plan y equipo, podrían indicarme quien es mi ejecutivo para llevar acabo el proceso",True,False,3/19/2026 10:11:59 AM,3/19/2026 10:11:59 AM,BUI,R6,antonio.porras@telcelmkt.com,gisela.sosa@demo.reseller.telcel.com,,,,
subdireccion@operadoravending.com.mx,Hugo,Sanchez,8115397463,Nuevo León,San Nicolás de los Garza,Maquinas Expendedoras Mey,Director,,100 a 500,Gestión Vehicular Telcel,Video a bordo,"Hola, nos interesa cotizar el servicio de telemetría y video a bordo.",True,True,3/19/2026 10:13:11 AM,3/19/2026 10:13:11 AM,GVT,R4,marsanva@telcel.com,gisela.sosa@demo.reseller.telcel.com,,,,
lcp.mcruz@gmail.com,CARLOS MANUEL,MARTINEZ DE LA CRUZ,9935904575,Tabasco,Centro,biota corporativo ambiental,Gerente,,25 a 50,Gestión Vehicular Telcel,Hábitos de Conducción,busco ayuda para el control de mi flotilla y habitos de manejo,True,False,3/19/2026 10:31:42 AM,3/19/2026 10:31:42 AM,GVT,R8,maria.rodriguez@telcel.com,gisela.sosa@demo.reseller.telcel.com,,,,
g.plascencia@hotmail.com,Gustavo,Plascencia,5544882204,Estado de México,Ecatepec de Morelos,Corporativo comadisa,Director,,5 a 25,Business Intelligence,Autenticación Móvil,Necesito renovar mi línea y mi equipo,True,False,3/19/2026 10:53:16 AM,3/19/2026 10:53:16 AM,BUI,R9,antonio.porras@telcelmkt.com,gisela.sosa@demo.reseller.telcel.com,,,,
yzavala@larmont.com.mx,Yeshica Marlen,Zavala Aldaco,8117652760,Nuevo León,Apodaca,LARMONT INTERNACIONAL,Gerente,,50 a 100,Conectividad Telcel,Redes Privadas de Datos,"Buen día, quiero infromación de servicio de internet",True,False,3/19/2026 11:00:51 AM,3/19/2026 11:00:51 AM,COV,R4,marsanva@telcel.com,gisela.sosa@demo.reseller.telcel.com,,,,
agencia.cancun@acuarioempresarial.com,teresa,garcia,4428242122,Quintana Roo,Benito Juárez,ACUARIO EMPRESARIAL,Contador,,5 a 25,Conectividad Telcel,Internet Gestionado,Deso un modem de internet para el negocio,True,True,3/19/2026 11:22:52 AM,3/19/2026 11:22:52 AM,COT,R8,maria.rodriguez@telcel.com,gisela.sosa@demo.reseller.telcel.com,,,,
victorcuamani@multiplica.com,Victor,Cuamani,5575084507,Aguascalientes,Aguascalientes,cupv130990ok2,Gerente,,5 a 25,Gestión de Fuerza en Campo,Localización Empresarial,lglabgkaño wnfonang ajfnlafhla ahg,True,True,3/19/2026 11:40:25 AM,3/19/2026 12:22:44 PM,GFC,R6,luialdve@telcel.com,gisela.sosa@demo.reseller.telcel.com,,,,
operadoradee@outlook.com,Fabrizzio,Llanes,6674515735,Sinaloa,Culiacán,"OPERADORA DEE, SA DE SV",Asistente,,5 a 25,Conectividad Telcel,Conectividad Avanzada M2M,"Hola, pasa que tenemos una isla de maquinas vending dentro de una plaza comercial son iot, y envían reportes de ventas en tiempo real a una plataforma en linea y estaba observando la tecnología m2m ya que esta no maneja políticas de uso justo, me podría brindar mas información sobre sus planes o paquetes ?",True,True,3/19/2026 11:57:54 AM,3/19/2026 11:57:54 AM,COV,R2,manuel.zuniga@telcel.com,gisela.sosa@demo.reseller.telcel.com,,,,
cris.bueno@letsgoformore.com,Cristiano,Bueno Santos,5581044707,Estado de México,Huixquilucan,INNOVA IDIOMA PRACTICO,Dueño/Propietario,,100 a 500,Comunicación Empresarial,Control de Ventas,"Por favor quuiero lineas corporativas estoy buscando con quien y como pero no me atienden, si nme pueden contactar agrardezco",True,True,3/19/2026 12:07:36 PM,3/19/2026 12:07:36 PM,COT,R9,alma.laura@telcel.com,gisela.sosa@demo.reseller.telcel.com,,,,
pilarzs19kareco@gmail.com,PILAR,ZEPEDA,5579479745,Ciudad de México,Álvaro Obregón,KARECO DERM,Contador,,1 a 5,Business Intelligence,GEODATA,"Hola, Buena tarde
Solicito informacion para contratar una linea de empresa, requisitos y los pasos a seguir a dicha contratación. 
Quedo al pendiente.",True,True,3/19/2026 1:00:32 PM,3/19/2026 1:00:32 PM,BUI,R9,antonio.porras@telcelmkt.com,gisela.sosa@demo.reseller.telcel.com,,,,
dina.mejia@iberomex.net,DINA,MEJIA,5562910719,Ciudad de México,Cuauhtémoc,IBEROMEX LOSGISTIC,Contador,,1 a 5,Comunicación Empresarial,Control de Ventas,QUIERO DARME DE ALTA,True,True,3/19/2026 1:13:24 PM,3/19/2026 1:13:24 PM,COT,R9,alma.laura@telcel.com,gisela.sosa@demo.reseller.telcel.com,,,,
fernanda@apto.mx,Fernanda,Perez,6441463437,Jalisco,Guadalajara,APTO INNOVACION DIGITAL,Gerente,,25 a 50,Conectividad Telcel,Internet Gestionado,"Estoy buscando comprar un equipo y ponerlo en un plan empresarial.
Me pueden ayudar?",True,False,3/19/2026 1:23:16 PM,3/19/2026 1:23:16 PM,COT,R5,alejandra.munoz@telcel.com,gisela.sosa@demo.reseller.telcel.com,,,,
aguavidabc@gmail.com,Angel,Hernandez,6641752373,Baja California,Playas de Rosarito,Kaa,Director,,1 a 5,Gestión Vehicular Telcel,Video a bordo,Saber el destino de los repartidores,True,True,3/19/2026 1:31:56 PM,3/19/2026 1:31:56 PM,COT,R1,ignacio.sanchez@telcel.com,gisela.sosa@demo.reseller.telcel.com,,,,
administracion@adocmexico.com,BLANCA ESTELA,RAMIREZ ESPINAL,5591991742,Ciudad de México,Milpa Alta,"ARQUITECTOS DIRECTORES RESPONSABLES DE OBRA, CORRESPONSABLES, PERITOS EN DESARROLLO URBANO Y ESPECIALIDADES  AFINES EN LA REPUBLICA MEXICANA",Gerente,,5 a 25,Planes Empresariales,Plan Telcel Empresa,"solicito  informacion  para contratar el plan  telcel empresa 2

gracias",True,True,3/19/2026 1:52:47 PM,3/19/2026 1:52:47 PM,PTE,R9,alma.laura@telcel.com,gisela.sosa@demo.reseller.telcel.com,,,,
jose91jesus04@gmail.com,José De Jesús,Gomez Balbuena,2714026612,Veracruz de Ignacio de la Llave,Córdoba,GOBJ910904GY4,Dueño/Propietario,,1 a 5,Comunicación Empresarial,Control de Ventas,Mi interés es solo para adquirir diversas lineas solo somos 3 personas de momento.,True,True,3/19/2026 2:16:49 PM,3/19/2026 2:16:49 PM,COE,R7,juan.galicia@telcel.com,gisela.sosa@demo.reseller.telcel.com,,,,
daniel.cisneros@vorecol.com,Daniel,Cisneros,3345297718,Jalisco,Guadalajara,Psicosmart México,Especialista,,25 a 50,Conectividad Telcel,eSIM,"Me pueden enviar por favor información a mi correo daniel.cisneros@vorecol.com si me pueden enviar cotización para un plan básico que abarque 20 líneas telefónicas, (los números ya los tengo) el uso del móvil de cada persona en la empresa es mínimo, se utiliza mayormente para mensajes de wathsapp por eso nos interesa poder tener el plan mas  básico,  esto también nos ayudaría a cumplir con el registro de líneas o números, Gracias atte Daniel Cisneros",True,False,3/19/2026 3:38:28 PM,3/19/2026 3:38:28 PM,COT,R5,alejandra.munoz@telcel.com,gisela.sosa@demo.reseller.telcel.com,,,,
miramond@ghsp.com,Dulce,Miramontes,8442710491,Coahuila de Zaragoza,Saltillo,GHSP MEXICO SA DE CV,Otro,COMPRADOR,100 a 500,Planes Empresariales,Plan Telcel Empresa,Requiero cotizar un servicio de telefonia para 43 empleados,True,False,3/19/2026 4:00:27 PM,3/19/2026 4:00:27 PM,PTE,R4,marsanva@telcel.com,gisela.sosa@demo.reseller.telcel.com,,,,
lourdes.uribe@grupomars.com,Lourdes,Uribe,3313680890,Jalisco,Guadalajara,sellos mecanicos de occidente,Gerente,,25 a 50,Seguridad,Control Móvil Empresarial,"Buen día, estamos interesados en instalar GPS a nuestros vehículos empresariales 
me puedes ayudar con una cotización o la mejor opción para nosotros. Gracias",True,False,3/19/2026 4:06:00 PM,3/19/2026 4:06:00 PM,COT,R5,alejandra.munoz@telcel.com,gisela.sosa@demo.reseller.telcel.com,,,,
administracion.mexico@saneadren.com.mx,Christian,Curiel,2411059474,Ciudad de México,Iztapalapa,saneadren,Gerente,,1 a 5,Planes Empresariales,Plan Telcel Empresa,"Buenas tardes.
Quiero cotizar 5 lineas en plan para mis empleados.
Saludos.",True,False,3/19/2026 4:46:57 PM,3/19/2026 4:46:57 PM,PTE,R9,alma.laura@telcel.com,gisela.sosa@demo.reseller.telcel.com,,,,
asistenterh@tballesteros.com,GIOVANNA,MEJIA,5559480306,Guanajuato,Silao de la Victoria,TBA880517CI9,Asistente,,1 a 5,Planes Empresariales,Plan Telcel Empresa,Me interesa contratar un paquete de internet para un local comercial dentro del Aeropuerto de Guanajuato,True,True,3/19/2026 5:51:33 PM,3/19/2026 5:51:33 PM,PTE,R6,luialdve@telcel.com,gisela.sosa@demo.reseller.telcel.com,,,,
hbernal@inzet.com.mx,Hugo,Bernal,8444271452,Coahuila de Zaragoza,Saltillo,Inzet Abastecedora Industrial,Dueño/Propietario,,1 a 5,Planes Empresariales,Plan Telcel Empresa,Necesito mas informacion,True,False,3/19/2026 9:03:23 PM,3/19/2026 9:03:23 PM,PTE,R4,americo.chapa@telcel.com,gisela.sosa@demo.reseller.telcel.com,,,,
jesica.becerra@cyeabogados.com,Jesica,Becerra,5540826544,Ciudad de México,Miguel Hidalgo,CEG,Asistente,,5 a 25,Planes Empresariales,Plan Telcel Empresa,"Quiero información sobre paquetes de renta mensual con equipo incluído. Aprox serían 8 líneas. 
Detalle sobre las opciones de equipos, plazos, pagos, etc.",True,False,3/19/2026 9:34:49 PM,3/22/2026 3:18:44 PM,PTE,R9,alma.laura@telcel.com,gisela.sosa@demo.reseller.telcel.com,,,,
gaef9797@gmail.com,Gabriel Efraín,Portillo Pacheco,6862692907,Baja California,Mexicali,Empresario,Dueño/Propietario,,1 a 5,Seguridad,Lookout,"Robo de mi dispositivo móvil


",True,True,3/20/2026 1:42:10 AM,3/20/2026 1:51:48 AM,COT,R1,ignacio.sanchez@telcel.com,gisela.sosa@demo.reseller.telcel.com,,,,
macosaygonzalesvioleta@gmail.com,Violeta,Macosay Gonzales,9342468089,Tabasco,Tenosique,Telele 5G,Jefe,,100 a 500,Planes Empresariales,Plan Telcel Empresa,"Rapidez, eficacia y sabiduría.",True,True,3/20/2026 6:04:58 AM,3/20/2026 6:04:58 AM,PTE,R8,julio.delarosa@telcel.com,gisela.sosa@demo.reseller.telcel.com,,,,
luizfernando1998123@gmail.com,Luis Fernando,Aparicio González,2231146078,Puebla,Amozoc,Internet para la gente que trabaja,Dueño/Propietario,,5 a 25,Planes Empresariales,Plan Telcel Empresa,Enserio nececito el internet para mis trabajadores para que puedan laborar,True,True,3/20/2026 7:36:30 AM,3/20/2026 7:36:30 AM,PTE,R7,juan.galicia@telcel.com,gisela.sosa@demo.reseller.telcel.com,,,,
hola@bricks.com.mx,Brenda,Sobrino,4422583347,Querétaro,Querétaro,Fichtl Real estate solutions,Dueño/Propietario,,1 a 5,Planes Empresariales,Plan Telcel Empresa,Informes de planes empresariales,True,False,3/20/2026 9:42:04 AM,3/20/2026 9:42:04 AM,PTE,R6,luialdve@telcel.com,gisela.sosa@demo.reseller.telcel.com,,,,
santos_ebc@hotmail.com,Arturo,Santos,3322311019,Jalisco,Guadalajara,Transportes SAE,Director,,5 a 25,Gestión Vehicular Telcel,Medición de Combustible,Solicito información para unidades de equipo pesado camiones,True,False,3/20/2026 10:04:20 AM,3/20/2026 10:04:20 AM,GVT,R5,alejandra.munoz@telcel.com,gisela.sosa@demo.reseller.telcel.com,,,,
isoto@b4gl.com,Ivan,Soto,6563111701,Chihuahua,Juárez,B4 Global Logistics,Director,,25 a 50,Conectividad Telcel,eSIM,Estamos buscando opciones para cambiar de compania de comunicacion.,True,False,3/20/2026 10:16:42 AM,3/20/2026 10:16:42 AM,COT,R3,alberto.sifuentes@telcel.com,gisela.sosa@demo.reseller.telcel.com,,,,
jgarcia@fralse.com,Jose Manuel,Garcia Caraza,4425070429,Ciudad de México,Cuajimalpa de Morelos,TRANSPORTES FRALSE SA DE CV,Asistente,,5 a 25,Gestión Vehicular Telcel,Módulo de Ruteo,"Estoy buscando un ges para las unidades que tenemos, me gustaría cotizar con ustedes",True,True,3/20/2026 10:22:41 AM,3/20/2026 10:22:41 AM,COT,R9,alma.laura@telcel.com,gisela.sosa@demo.reseller.telcel.com,,,,
adaceron_ogsp@outlook.com,ADA,CERON,5553591182,Estado de México,Naucalpan de Juárez,OPERADORA GENERAL DE SERVICIOS,Asistente,,1 a 5,Comunicación Empresarial,Push to Talk,"Buen dia 

Quisiera me brindaran el apoyo para realizar el registro de MI TELCEL EMPRESAS 

",True,False,3/20/2026 10:23:49 AM,3/20/2026 10:23:49 AM,COT,R9,alma.laura@telcel.com,gisela.sosa@demo.reseller.telcel.com,,,,
david@yubiajando.com,David,Naranjo Pezaña,5536221515,Ciudad de México,Azcapotzalco,YUBIAJANDO,Asistente,,1 a 5,Planes Empresariales,Plan Telcel Empresa,"Buenas tardes solicito información para contratar 4 líneas telefónicas, a nombre de la empresa.
Que documentos se necesitan, y si esto se puede hacer en linea o es forzoso ir a una sucursal.",True,True,3/20/2026 11:40:47 AM,3/20/2026 11:40:47 AM,PTE,R9,alma.laura@telcel.com,gisela.sosa@demo.reseller.telcel.com,,,,
juanm910147@gmail.com,juan francisco,serrano hernandez,7206719189,Estado de México,Metepec,inmobiliaria enlace cyde,Director,,5 a 25,Conectividad Telcel,Redes Privadas de Datos,"actualmente tenemos un contrato con ATT&T de 10 lineas, estamos viendo opciones en costos ya que la renovacion con el precio de equipos y datos no es lo que estamos buscando",True,False,3/20/2026 12:03:24 PM,3/20/2026 12:03:24 PM,COT,R9,alma.laura@telcel.com,gisela.sosa@demo.reseller.telcel.com,,,,
vballesteros@asiss.com.mx,Víctor Manuel,Ballesteros García,5527377350,Ciudad de México,Benito Juárez,ASISS ADMINISTRADORES,Gerente,,25 a 50,Business Intelligence,Autenticación Móvil,Realmente estoy buscando a un ejecutivo que me pueda ayudar a dar de baja algunas lineas telefónicas.,True,False,3/20/2026 12:32:34 PM,3/20/2026 12:32:34 PM,BUI,R9,antonio.porras@telcelmkt.com,gisela.sosa@demo.reseller.telcel.com,,,,
hector.lopez@hcforwarding.com.mx,Hector Erasmo,Lopez Gomez,5564846418,Ciudad de México,Gustavo A. Madero,HC FORWARDING,Dueño/Propietario,,1 a 5,Conectividad Telcel,eSIM,"Estoy interesado en contratar 3 esim en el plan de 299 MN los equipos ya los tengo. Tengo que ir de manera presencial para hacer el tramite? y que documentos necesitan ?

quedo atento",True,True,3/20/2026 1:32:28 PM,3/20/2026 1:32:28 PM,COT,R9,alma.laura@telcel.com,gisela.sosa@demo.reseller.telcel.com,,,,
yazmin.reyna@mangxo.com,Yazmin,Reyna,8110273507,Nuevo León,Monterrey,TECNOLOGIASMORALESANGELINI,Otro,ADMINISTRATIVO,5 a 25,Conectividad Telcel,Internet Gestionado,"Hola, estoy interesada en que nuestras lineas telefonicas migren a una cuenta empresarial.",True,False,3/20/2026 2:55:05 PM,3/20/2026 2:55:05 PM,COT,R4,americo.chapa@telcel.com,gisela.sosa@demo.reseller.telcel.com,,,,
admin@servicioslider.com,Hector,Bernabé,9841659777,Quintana Roo,Solidaridad,IHJ160803TH5,Dueño/Propietario,,1 a 5,Conectividad Telcel,eSIM,"Quiero conocer los planes con telefono incluido




",True,True,3/20/2026 3:01:03 PM,3/20/2026 3:01:03 PM,COT,R8,maria.rodriguez@telcel.com,gisela.sosa@demo.reseller.telcel.com,,,,
compras.galmiche@gmail.com,GALMICHE Y,ASOCIADOS,9933842155,Tabasco,Centro,GAS980326A76,Asistente,,25 a 50,Seguridad,Control Móvil Empresarial,gestión vehicular por favor necesitamos informacion para vehículos,True,True,3/20/2026 3:02:57 PM,3/20/2026 3:02:57 PM,COT,R8,maria.rodriguez@telcel.com,gisela.sosa@demo.reseller.telcel.com,,,,
garza14trucks@hotmail.com,Rogelio Eloy,Garza,7351029260,Morelos,Cuautla,Rogelio Eloy Garza Rodriguez,Director,,1 a 5,Conectividad Telcel,Conectividad Avanzada M2M,Requiero me contacten ya q quiero sims,True,False,3/20/2026 4:25:57 PM,3/20/2026 4:25:57 PM,COV,R9,alma.laura@telcel.com,gisela.sosa@demo.reseller.telcel.com,,,,
p.alvarado@argal.com.mx,Paulina,Alvarado,5578960860,Ciudad de México,Benito Juárez,ARGAL ESTRATEGIAS GLOBALES EN LA ADMINISTRACION DE LA SALUD,Asistente,,25 a 50,Planes Empresariales,Plan Telcel Ultra Empresa,DESEAMOS ADQUIRIR UNA LINEA TELEFONICA PARA CUCBRI LA COMUNICACIÓN INTERNA DE NUESTRA EMPRESA COMO EXTERNA CON LOS CLIENTES DE NUESTRA EMRPESA,True,True,3/20/2026 4:52:25 PM,3/20/2026 4:52:25 PM,PTE,R9,alma.laura@telcel.com,gisela.sosa@demo.reseller.telcel.com,,,,
oruga.jardineria@yahoo.com.mx,gabriel,ramirez,3337208861,Jalisco,Tlajomulco de Zúñiga,oruga transforma sa de cv,Director,,5 a 25,Gestión Vehicular Telcel,Módulo de Ruteo,"hola necesito informacion
",True,True,3/20/2026 6:20:00 PM,3/20/2026 6:20:00 PM,COT,R5,alejandra.munoz@telcel.com,gisela.sosa@demo.reseller.telcel.com,,,,
eduardobejosch@prodigy.com.mx,eduardo,bejos checa,5554124771,Ciudad de México,Miguel Hidalgo,bejos eventos,Dueño/Propietario,,100 a 500,Comunicación Empresarial,SekurMessenger,que me llame un asesor,True,True,3/20/2026 9:35:21 PM,3/20/2026 9:35:21 PM,COT,R9,alma.laura@telcel.com,gisela.sosa@demo.reseller.telcel.com,,,,
bolochmay@gmail.com,Miguel Humberto,May baak,9911042759,Yucatán,Tixkokob,Macropay,Asistente,,1 a 5,Conectividad Telcel,Redes Privadas de Datos,Ya pague mi teléfono y no se desbloqueo,True,True,3/20/2026 11:01:47 PM,3/20/2026 11:01:47 PM,COV,R8,maria.rodriguez@telcel.com,gisela.sosa@demo.reseller.telcel.com,,,,
camisas@rangers.com.mx,Roberto,Santana,3338147669,Jalisco,Guadalajara,COMPA&IA INDUSTRIAL TECOLOTLAN SA DE CV,Gerente,,5 a 25,Gestión de Fuerza en Campo,Localización Empresarial,NECESITO INFORMES DE COMO CONTRATAR EL SERVICIO DE LOCALIZACIÓN EMPRESARIAL EN MI LÍNEA EMPRESARIAL.,True,False,3/21/2026 10:46:56 AM,3/21/2026 10:46:56 AM,GFC,R5,alejandra.munoz@telcel.com,gisela.sosa@demo.reseller.telcel.com,,,,
gerencia@gruposentinel.com.mx,Jahaziel,Carbajal,7226193930,Estado de México,Toluca,Protección y Limpieza Sentinel,Dueño/Propietario,,1 a 5,Planes Empresariales,Plan Telcel Empresa,"Buenas tardes, quisiera obtener más informes para la contratación de planes mensuales y si es posible adquirirlos con equipos dentro del mismo plan, esto por motivos de que es para una empresa de seguridad.",True,True,3/21/2026 12:04:06 PM,3/21/2026 12:04:06 PM,PTE,R9,alma.laura@telcel.com,gisela.sosa@demo.reseller.telcel.com,,,,
lalitochavezocegueda@gmail.com,Luz y sonido músic,Electro,3325889220,Jalisco,Tlajomulco de Zúñiga,Cbj,Dueño/Propietario,,1 a 5,Planes Empresariales,Plan Telcel Empresa,Luz y sonido músic mágic electro tenemos varios paquetes para complacerte en tus eventos contactanos 5562481816.3221728446.conctamos,True,True,3/21/2026 3:29:39 PM,3/21/2026 3:29:39 PM,PTE,R5,alejandra.munoz@telcel.com,gisela.sosa@demo.reseller.telcel.com,,,,
sandovallaila3@gmail.com,Laila naomi,Perez,7861249033,Michoacán de Ocampo,Hidalgo,Atención al cliente,Dueño/Propietario,,1 a 5,Planes Empresariales,Plan Telcel Empresa,Tener mejor comunicación y atención al cliente,True,True,3/21/2026 9:15:25 PM,3/22/2026 6:38:59 PM,PTE,R5,alejandra.munoz@telcel.com,gisela.sosa@demo.reseller.telcel.com,,,,
uri.alba@outlook.com,Uriel,Algredo badillo,2218480977,Puebla,Puebla,Gisela badillo Díaz,Gerente,,5 a 25,Business Intelligence,Autenticación Móvil,Me interesa GPS para 6 vehículos y plan de datos y equipos celulares para 6 agente de ventas,True,False,3/21/2026 9:20:45 PM,3/21/2026 9:20:45 PM,BUI,R7,antonio.porras@telcelmkt.com,gisela.sosa@demo.reseller.telcel.com,,,,
bcraven@sirillp.com,Brandon,Craven,9292435722,Baja California,Mexicali,Siri & Glimstad LLP,Especialista,,100 a 500,Mobile Marketing,Mensajería Masiva,"Necesito hablar con un asesor comercial que hable inglés. Somos un bufete de abogados de inmigración y estamos buscando conseguir clientes a través de su tecnología de marketing por SMS. No puedo ingresar correctamente mi número de teléfono en su formulario, así que por favor contáctenme por correo electrónico en bcraven@sirillp.com
 para que podamos programar una llamada por Zoom o Google Meet. I need an english speaking salesperson. We are an immigration law firm seeking to find customers through your SMS marketing technology. I am unable to type my proper phone number in your form, so please contact me at my email bcraven@sirillp.com so that we can set up a zoom call or Google Meet.",True,False,3/21/2026 10:25:29 PM,3/21/2026 10:25:29 PM,MOM,R1,melpadsa@telcel.com,gisela.sosa@demo.reseller.telcel.com,,,,
siclaroes.angelicar@consorciosantore.com,Angélica,Romero,5611135567,Ciudad de México,Miguel Hidalgo,Consorcio Santore s a de c v,Asistente,,1 a 5,Planes Empresariales,Plan Telcel Empresa,Solo sería para mis 2 jefes pero quisiera lo mejor que ellos viajan mucho a USA  y quiero que tengan buena señal e internet en todo momento,True,True,3/21/2026 11:18:29 PM,3/21/2026 11:18:29 PM,PNE,R9,alma.laura@telcel.com,gisela.sosa@demo.reseller.telcel.com,,,,
ef659295@gmail.com,Evelyn,Felix,9982029126,Quintana Roo,Benito Juárez,77517,Dueño/Propietario,,1 a 5,Planes Empresariales,Plan Telcel Ultra Empresa,No puedo hacer el Pago,True,True,3/22/2026 7:25:39 AM,3/22/2026 7:25:39 AM,TEU,R8,maria.rodriguez@telcel.com,gisela.sosa@demo.reseller.telcel.com,,,,
creyes@valanz.mx,JOSE CARLOS,REYES CADENA,8118228060,Nuevo León,San Pedro Garza García,"VALANZ LEGAL, SOCIEDAD CIVIL",Dueño/Propietario,,1 a 5,Planes Empresariales,Plan Telcel Empresa,"Deseamos obtener una línea de telefonía celular para una nueva área del despacho, razón por la que constituimos esta nueva sociedad.",True,False,3/22/2026 6:23:39 PM,3/22/2026 6:23:39 PM,PTE,R4,americo.chapa@telcel.com,gisela.sosa@demo.reseller.telcel.com,,,,
phil@lugare.mx,José Felipe,Ascensio López,3313316388,Jalisco,Guadalajara,LUGARE MEXICO,Dueño/Propietario,,1 a 5,Planes Empresariales,Plan Telcel Ultra Empresa,"Hola, buen día. Me gustaría contratar un plan empresarial con Telcel para mi negocio (Lugare). Quisiera recibir información sobre opciones de planes, costos, beneficios y requisitos para la contratación. Quedo atento, muchas gracias.",True,True,3/22/2026 9:13:00 PM,3/22/2026 9:13:00 PM,PNE,R5,alejandra.munoz@telcel.com,gisela.sosa@demo.reseller.telcel.com,,,,
noemendoza@viable.com.mx,NOE,MENDOZA,5586151359,Estado de México,Chicoloapan,56390,Director,,5 a 25,Conectividad Telcel,Internet Gestionado,me gustaria contrtar 25 hasta 50 lineas telefonicas para utilizar el servicio de datos que utilizamos en la empresa.,True,False,3/23/2026 12:31:24 AM,3/23/2026 12:31:24 AM,COT,R9,alma.laura@telcel.com,gisela.sosa@demo.reseller.telcel.com,,,,
jetzygarcia17@icloud.com,Jetzy,Garcia,9711582779,Oaxaca,Salina Cruz,Se bloqueó mi chip creo,Asistente,,1 a 5,Seguridad,Control de Dispositivos MDM,Se bloqueó mi SM,True,False,3/23/2026 1:54:41 AM,3/23/2026 1:54:41 AM,SEG,R7,juan.galicia@telcel.com,gisela.sosa@demo.reseller.telcel.com,,,,
ec4712438@gmail.com,EdgarAlexis,Baez cedillo,8342518722,Tamaulipas,Victoria,Urgente,Gerente,,5 a 25,Planes Empresariales,Plan Telcel Empresa,Para poder mejorar la red en la empresa y sea eficaz,True,True,3/23/2026 4:44:09 AM,3/23/2026 4:44:09 AM,PTE,R4,americo.chapa@telcel.com,gisela.sosa@demo.reseller.telcel.com,,,,
eduardo.montanez@mosfoodservice.com,EDUARDO,MONTAÑEZ MACIAS V,8116151085,Nuevo León,Guadalupe,MOS INTERNATIONAL FOOD SERVICE,Analista,,25 a 50,Gestión Vehicular Telcel,Módulo de Ruteo,"Buen día,
Solicito asesoría y cotización para servicio de GPS y video en flotillas de la Compañía, por favor.",True,True,3/23/2026 8:17:05 AM,3/23/2026 8:17:05 AM,GVT,R4,americo.chapa@telcel.com,gisela.sosa@demo.reseller.telcel.com,,,,
gustavo.ortiz@mex.salvationarmy.org,Gustavo,Ortiz,5517691585,Ciudad de México,Benito Juárez,Ejército de Salvación Internacional,Gerente,,50 a 100,Planes Empresariales,Plan Telcel Empresa,"Buen día, queremos realiza una cotización debido a que finalizó nuestro contrato con el proveedor actual y requeriríamos portabilidad",True,False,3/23/2026 8:40:28 AM,3/23/2026 8:40:28 AM,PTE,R9,alma.laura@telcel.com,gisela.sosa@demo.reseller.telcel.com,,,,
rcastro@diagraph.com.mx,José Rodrigo,Castro Miranda,5524883747,Estado de México,Atizapán de Zaragoza,DIAGRAPH,Especialista,,100 a 500,Business Intelligence,Indicadores Móviles,"Buen día 
Favor de Contactarme",True,True,3/23/2026 9:11:13 AM,3/23/2026 9:11:13 AM,BUI,R9,antonio.porras@telcelmkt.com,gisela.sosa@demo.reseller.telcel.com,,,,
rubiejb@gmail.com,Rubi,Guillen,8126274092,Nuevo León,General Escobedo,Barberia,Gerente,,1 a 5,Conectividad Telcel,Internet Gestionado,Necesito cotización para internet.,True,False,3/23/2026 9:27:14 AM,3/23/2026 9:27:14 AM,COV,R4,americo.chapa@telcel.com,gisela.sosa@demo.reseller.telcel.com,,,,
customer.service@arjessiger.com,Karla,Guzman,5553910665,Estado de México,Tlalnepantla de Baz,ARJESSIGER DE MEXICO,Asistente,,25 a 50,Planes Empresariales,Plan Telcel Empresa,"Buenos días, nos gustaría saber los requisitos para contratar un paquete empresarial con ustedes",True,False,3/23/2026 9:49:26 AM,3/23/2026 9:49:26 AM,PTE,R9,alma.laura@telcel.com,gisela.sosa@demo.reseller.telcel.com,,,,
direccion@gbindutrialsupply.com,Cecilia de Jesus,Guajardo Jauregui,8712302013,Durango,Gómez Palacio,GB industrial Supply,Dueño/Propietario,,1 a 5,Conectividad Telcel,eSIM,Como registro un linea que adquiri (chip),True,True,3/23/2026 10:06:22 AM,3/23/2026 10:06:22 AM,COT,R3,alberto.sifuentes@telcel.com,gisela.sosa@demo.reseller.telcel.com,,,,
erikmultilim@gmail.com,HUGO,MARTINEZ,2711279026,Veracruz de Ignacio de la Llave,Córdoba,hugo guzman martinez,Dueño/Propietario,,1 a 5,Conectividad Telcel,Redes Privadas de Datos,buenos dias quermos registrar las lines que manejamos son 2,True,True,3/23/2026 10:23:17 AM,3/23/2026 10:23:17 AM,COT,R7,juan.galicia@telcel.com,gisela.sosa@demo.reseller.telcel.com,,,,
gaby@metrolodim.com.mx,gabriela,morales,8182086454,Nuevo León,Salinas Victoria,VAPE841101P64,Asistente,,1 a 5,Conectividad Telcel,Redes Privadas de Datos,Quiero contratar un plan prepago telcel empresarial,True,False,3/23/2026 10:30:45 AM,3/23/2026 10:30:45 AM,COT,R4,americo.chapa@telcel.com,gisela.sosa@demo.reseller.telcel.com,,,,
almacencdmx@pyla.mx,Erick,Rodriguez,5625653340,Ciudad de México,Iztacalco,PELICULAS Y LAMINADOS,Jefe,,5 a 25,Gestión Vehicular Telcel,Módulo de Ruteo,Quiero conocer costos por el servicio y saber como funciona,True,False,3/23/2026 10:35:05 AM,3/23/2026 10:35:05 AM,COT,R9,alma.laura@telcel.com,gisela.sosa@demo.reseller.telcel.com,,,,
cuquisrangel@viajesmarnic.com,Ma del refugio,Rangel Campa,8713621233,Coahuila de Zaragoza,Torreón,VIAJES MARNIC,Director,,5 a 25,Comunicación Empresarial,Control de Ventas,Quisiera mas información de los planes empresariales que manejan con equipos incluidos,True,False,3/23/2026 10:43:39 AM,3/23/2026 10:43:39 AM,COT,R4,americo.chapa@telcel.com,gisela.sosa@demo.reseller.telcel.com,,,,
rodrigo.sierra@platinumcargo.com,Rodrigo,Sierra,7225680606,Nuevo León,Monterrey,PLATINUM CARGO LOGISTICS DE MEXICO,Especialista,,1 a 5,Business Intelligence,Autenticación Móvil,"A quien corresponda, quisiera hacer una cotizacion para el plan 2 Controlado ($329) para 5 equipos iPhone 14 - 128 G, cotizado con ustedes en $11,600. Me interesa saber el costo mensual del plan telefónico más la mensualidad del equipo o si el plan ya lo incluye. Tengo entendido que como enganche se debe pagar 30% del equipo.",True,False,3/23/2026 11:13:56 AM,3/23/2026 11:13:56 AM,BUI,R4,antonio.porras@telcelmkt.com,gisela.sosa@demo.reseller.telcel.com,,,,
agricola279@gmail.com,jorge,vazquez,3315642381,Jalisco,Atotonilco el Alto,CIT1804204CA,Director,,5 a 25,Conectividad Telcel,Internet Gestionado,"Buenas tardes, nuestro interés es adquirir paquetes topados para nuestras líneas, así como equipos para tener comunicado a nuestro personal",True,True,3/23/2026 11:48:00 AM,3/23/2026 11:48:00 AM,COV,R5,alejandra.munoz@telcel.com,gisela.sosa@demo.reseller.telcel.com,,,,
carlos.romero@customparty.mx,CARLOS,ROMERO,5578139942,Ciudad de México,Iztapalapa,ROGC901129J33,Dueño/Propietario,,1 a 5,Conectividad Telcel,Internet Gestionado,"Buena tarde.
 Quisiera información para una solución para hacer failover, asi mismo estoy buscando algo en prepago.
Si pudieran ofrecerme una comparativa con M2M se los agradeceré.

Sin mas por el momento le deseo buena tarde.",True,False,3/23/2026 12:15:19 PM,3/23/2026 12:15:19 PM,COV,R9,alma.laura@telcel.com,gisela.sosa@demo.reseller.telcel.com,,,,
karla@fusionarte.mx,Karla Sheila,Garcia Medina,5580100807,Estado de México,Atizapán de Zaragoza,KINOTEK DISEÑO Y MONTAJE DE STANDS,Gerente,,1 a 5,Comunicación Empresarial,Control de Ventas,"Buenas tardes,
Mi nombre es Karla García. El motivo de mi mensaje es solicitar información sobre sus planes Telcel para empresas.
Somos un equipo de ventas conformado por 3 personas y estamos interesados en contratar un plan que incluya equipo. Buscamos algo básico, pero que incluya principalmente WhatsApp y llamadas, ya que lo utilizaremos para dar seguimiento a nuestros clientes desde un equipo asignado por la empresa.
¿Podrían apoyarme enviándome la información disponible y orientarme sobre el número o medio de contacto para recibir asesoría detallada?
Muchas gracias.",True,True,3/23/2026 12:22:41 PM,3/23/2026 12:22:41 PM,COT,R9,alma.laura@telcel.com,gisela.sosa@demo.reseller.telcel.com,,,,
ccepedavillarreal@gmail.com,Benjamin,Cepeda,8712854063,Coahuila de Zaragoza,Torreón,Be Insumo para Talleres,Dueño/Propietario,,1 a 5,Mobile Marketing,Internet Patrocinado,"Hola, buen día.
Me gustaría recibir información sobre los equipos disponibles y los planes empresariales que manejan actualmente.

Estoy interesado en conocer opciones que se adapten a una empresa, incluyendo beneficios, costos, requisitos y si manejan algún tipo de financiamiento o promociones.

Quedo atenta a su información. Muchas gracias.
",True,True,3/23/2026 12:50:01 PM,3/23/2026 12:50:01 PM,COT,R4,americo.chapa@telcel.com,gisela.sosa@demo.reseller.telcel.com,,,,
abarrtotesnena2026@outlook.com,Beneranda,Cortez Galvan,6612390906,Baja California,Playas de Rosarito,COGB861114KQ2,Gerente,,1 a 5,Conectividad Telcel,Internet Gestionado,Quero un plan para mí negocio,True,True,3/23/2026 1:24:18 PM,3/23/2026 1:24:18 PM,COV,R1,ignacio.sanchez@telcel.com,gisela.sosa@demo.reseller.telcel.com,,,,
ventas4@medeinn.com,JAVIER,REYES,5545089739,Estado de México,Acolman,MEDICAL DEVICE INNOVATION DE MEXICO S DE RL DE CV,Especialista,,1 a 5,Planes Empresariales,Plan Telcel Empresa,NUMERO TELEFONICO PARA AREA DE VENTAS,True,False,3/23/2026 1:31:19 PM,3/23/2026 1:31:19 PM,PTE,R9,alma.laura@telcel.com,gisela.sosa@demo.reseller.telcel.com,,,,
gcsanfrancisco@hotmail.com,HUGO,ESCARCEGA,2288242375,Veracruz de Ignacio de la Llave,Coatepec,GRUPO CAFETALERO SAN FRANCISCO,Director,,25 a 50,Comunicación Empresarial,Control de Ventas,"Tengo 3 meses en espera de renovar mi celular  empresarial en Xalapa, y no me han atentido porque no está migrado el sistema y no pueden acceder
Los celulares están fallando y no hay manera de que me permitan comprar nuevos",True,False,3/23/2026 1:53:35 PM,3/23/2026 1:53:35 PM,COT,R7,juan.galicia@telcel.com,gisela.sosa@demo.reseller.telcel.com,,,,
gv.torresconstrucciones@gmail.com,gabriela geraldine,villarreal torres,8991648294,Nuevo León,San Pedro Garza García,TORRES CONSTRUCCIONES,Dueño/Propietario,,1 a 5,Planes Empresariales,Plan Telcel Empresa,Soy persona fisica con actividad empresarial y quisiera informacion acerca de este plan.,True,True,3/23/2026 1:57:25 PM,3/23/2026 1:57:25 PM,PTE,R4,americo.chapa@telcel.com,gisela.sosa@demo.reseller.telcel.com,,,,
diana.alva@nomitaxplus.com,DIANA,LIZETTE,4422267181,Querétaro,Querétaro,NOMITA X PLUS SC,Dueño/Propietario,,1 a 5,Planes Empresariales,Plan Telcel Empresa,Informacion y requisitos para contratar una linea para empleado de la empresa.,True,False,3/23/2026 2:14:06 PM,3/23/2026 2:14:06 PM,PTE,R6,luialdve@telcel.com,gisela.sosa@demo.reseller.telcel.com,,,,
sabrina@ecsus.com.mx,Sabrina,Pérez,8111777888,Nuevo León,General Escobedo,Ecsus Construction Waste Management,Director,,5 a 25,Seguridad,Control Móvil Empresarial,"Hola buen día, 

Me gustaría contar con equipos móviles y planes para empleados de mi empresa. Pudieran ayudarme a gestionar esto, por favor?",True,False,3/23/2026 2:35:33 PM,3/23/2026 2:35:33 PM,COT,R4,americo.chapa@telcel.com,gisela.sosa@demo.reseller.telcel.com,,,,
n.roarot@gmail.com,Natalia,Roaro,5548523346,Jalisco,Guadalajara,IMAQUINANDO SA DE CV,Asistente,,1 a 5,Business Intelligence,Indicadores Móviles,"Que tal, queremos contratar el servicio de internet para un módulo de American Express que estará instalado en el aeropuerto. Necesitamos únicamente conexión a internet para una laptop y un par de tablets. Nosotros estamos localizados en CDMX y haremos el pago directamente, American Express es nuestro cliente y ellos son quienes requieren el servicio mencionado para dicho módulo. Agradecería si nos pueden marcar a la brevedad, muchas gracias!
",True,False,3/23/2026 2:59:51 PM,3/23/2026 2:59:51 PM,BUI,R5,antonio.porras@telcelmkt.com,gisela.sosa@demo.reseller.telcel.com,,,,
operaciones@transportesjla.com,jorge,alanis,8110506976,Nuevo León,Santiago,jorge luis alanis rodriguez,Gerente,,5 a 25,Comunicación Empresarial,Control de Ventas,"Donde me puedo comunicar, necesito saber como puedo entrar al portal.

saludoss
",True,True,3/23/2026 3:08:59 PM,3/23/2026 3:08:59 PM,COT,R4,americo.chapa@telcel.com,gisela.sosa@demo.reseller.telcel.com,,,,
contacto@smartsus.com,Daniel,Chavarria,5539769343,Ciudad de México,Iztapalapa,Smartsus,Gerente,,5 a 25,Conectividad Telcel,Conectividad Avanzada M2M,"Buen día, quisiera cotizar el servicio mensual de datos M2M de unos 100 MB al mes, para empezar requiero 10 sims",True,True,3/23/2026 3:44:12 PM,3/23/2026 3:44:12 PM,COV,R9,alma.laura@telcel.com,gisela.sosa@demo.reseller.telcel.com,,,,
contabilidad@fitmexico.mx,samuel,bedolla,6644181324,Baja California,Tijuana,Fit Macroplasza,Contador,,5 a 25,Mobile Marketing,Mensajería Masiva,requiero información sobre envió masivo de mensajes vía msn,True,True,3/23/2026 4:21:17 PM,3/23/2026 4:21:17 PM,MOM,R1,ignacio.sanchez@telcel.com,gisela.sosa@demo.reseller.telcel.com,,,,
contabilidadbahiasolar@gmail.com,BAHIA,SOLAR,3223657488,Jalisco,Puerto Vallarta,BAHIA SOLAR,Otro,Administración,5 a 25,Gestión Vehicular Telcel,Telemetría,"Ya contamos con un servicio de Telemetría por su parte, pero nos gustaría adquirir mas",True,False,3/23/2026 4:58:57 PM,3/23/2026 4:58:57 PM,COT,R5,alejandra.munoz@telcel.com,gisela.sosa@demo.reseller.telcel.com,,,,
juan.baeza@fortisandgrowth.com.mx,JUAN ALFREDO,BAEZA FLORES,5562005746,Hidalgo,Pachuca de Soto,FORTIS & GROWTH S.A. DE C.V.,Dueño/Propietario,,1 a 5,Planes Empresariales,Plan Telcel Empresa,Cotizar los servicios y explorar la posibilidad de adquirir un equipo de gama alta,True,True,3/23/2026 5:01:18 PM,3/23/2026 5:01:18 PM,PTE,R9,alma.laura@telcel.com,gisela.sosa@demo.reseller.telcel.com,,,,
astrid@gongcha.mx,Astrid,Cruz,3319667590,Jalisco,Guadalajara,Luna Tea,Gerente,,25 a 50,Planes Empresariales,Plan Telcel Empresa,"Buenas tardes:

Me gustaría que se contactaron con nosotros para poder revisar sus planes y ventajas vs la competencia",True,False,3/23/2026 5:14:06 PM,3/23/2026 5:14:06 PM,PTE,R5,alejandra.munoz@telcel.com,gisela.sosa@demo.reseller.telcel.com,,,,
facturacionalarmasdelbajio@hotmail.com,JORGE EDUARDO,VALDIVIA MUÑIZ,4771065757,Guanajuato,León,compañia integradora del bajio,Gerente,,5 a 25,Business Intelligence,Autenticación Móvil,cual es el procesos para dar de alta las lineas telefonicas.,True,True,3/23/2026 5:26:27 PM,3/23/2026 5:26:27 PM,BUI,R6,antonio.porras@telcelmkt.com,gisela.sosa@demo.reseller.telcel.com,,,,
zunigajason27@gmail.com,Jason,Zuñiga,8781228148,Coahuila de Zaragoza,Piedras Negras,Registro de mi número o linea,Especialista,,500 a 1000,Gestión Vehicular Telcel,Telemetría,Quiero vincular mi linea,True,True,3/23/2026 5:27:26 PM,3/23/2026 5:27:26 PM,COT,R4,marsanva@telcel.com,gisela.sosa@demo.reseller.telcel.com,,,,
administracion@impopacific.com,Ana,Sosa,4436828511,Michoacán de Ocampo,Morelia,IMPORTADORA PACIFIC COAST SA DE CV,Asistente,,25 a 50,Planes Empresariales,Plan Telcel Empresa,Hola buenas tardes requiero informacion para varias lineas telefonicas que tenemos en la empresa y queremos automatizar la carga de saldo!!!!,True,False,3/23/2026 5:36:08 PM,3/23/2026 5:36:08 PM,PTE,R5,alejandra.munoz@telcel.com,gisela.sosa@demo.reseller.telcel.com,,,,
compras@mawa.mx,CELENE,COLIN,5545138212,Estado de México,Metepec,MAWA ESPECIALIDADES SA DE CV,Gerente,,5 a 25,Gestión Vehicular Telcel,Módulo de Ruteo,Buenas tardes requiero 6 gps para 6 unidades,True,True,3/23/2026 5:36:21 PM,3/23/2026 5:36:21 PM,COT,R9,alma.laura@telcel.com,gisela.sosa@demo.reseller.telcel.com,,,,
angellopezn35@gmail.com,Luis angel,Lopez peña,9711077158,Chiapas,Tuxtla Gutiérrez,No me sirve bait,Dueño/Propietario,,1 a 5,Business Intelligence,Autenticación Móvil,Es mejor telcel,True,True,3/23/2026 6:55:45 PM,3/23/2026 6:55:45 PM,BUI,R8,antonio.porras@telcelmkt.com,gisela.sosa@demo.reseller.telcel.com,,,,
mariaviky281290@gmail.com,María victoria,Ramírez mateos,7772257825,Ciudad de México,Xochimilco,S. A telce,Otro,Mama,1 a 5,Gestión Vehicular Telcel,Módulo de Ruteo,Muchas gracias por su propuesta,True,True,3/23/2026 7:08:18 PM,3/23/2026 7:08:18 PM,GVT,R9,alma.laura@telcel.com,gisela.sosa@demo.reseller.telcel.com,,,,
volaris@infinitummail.com,Roberto,Topete,3329571001,Estado de México,Acolman,Rigoberto topete,Director,,100 a 500,Comunicación Empresarial,Control de Ventas,Cómo puedo vincular mis lineas Telcel,True,True,3/23/2026 7:51:27 PM,3/23/2026 7:51:27 PM,COT,R9,alma.laura@telcel.com,gisela.sosa@demo.reseller.telcel.com,,,,
arturo_2319@hotmail.com,Arturo,Ochoa Ochoa,6643641300,Baja California,Tijuana,OOMA851113DN5 q,Gerente,,1 a 5,Planes Empresariales,Plan Telcel Empresa,Auiere saber información,True,True,3/23/2026 10:56:59 PM,3/23/2026 10:56:59 PM,PTE,R1,ignacio.sanchez@telcel.com,gisela.sosa@demo.reseller.telcel.com,,,,
veralefrontera@gmail.com,ISRAEL,HERNANDEZ GONZALEZ,6142394565,Chihuahua,Chihuahua,VERALE FRONTERA,Dueño/Propietario,,1 a 5,Planes Empresariales,Plan Telcel Empresa,"Hola

Ocupo una línea celular para empresa.",True,True,3/23/2026 11:09:16 PM,3/23/2026 11:09:16 PM,PTE,R3,alberto.sifuentes@telcel.com,gisela.sosa@demo.reseller.telcel.com,,,,